[ {
  "artistName" : "Jaci Velasquez",
  "segment" : "Previously Active Listeners"
}, {
  "artistName" : "REI AMI",
  "segment" : "Previously Active Listeners"
}, {
  "artistName" : "Sheck Wes",
  "segment" : "Previously Active Listeners"
}, {
  "artistName" : "Sahir Montoya",
  "segment" : "Previously Active Listeners"
}, {
  "artistName" : "Jasiel Nuñez",
  "segment" : "Previously Active Listeners"
}, {
  "artistName" : "Bully",
  "segment" : "Previously Active Listeners"
}, {
  "artistName" : "21 Savage",
  "segment" : "Previously Active Listeners"
}, {
  "artistName" : "Selena",
  "segment" : "Moderate listeners"
}, {
  "artistName" : "Talking Heads",
  "segment" : "Previously Active Listeners"
}, {
  "artistName" : "Nio Garcia",
  "segment" : "Previously Active Listeners"
}, {
  "artistName" : "The Jesus and Mary Chain",
  "segment" : "Previously Active Listeners"
}, {
  "artistName" : "R.E.M.",
  "segment" : "Light listeners"
}, {
  "artistName" : "Los Pericos",
  "segment" : "Previously Active Listeners"
}, {
  "artistName" : "Maite Perroni",
  "segment" : "Previously Active Listeners"
}, {
  "artistName" : "Curtiss Maldoon",
  "segment" : "Previously Active Listeners"
}, {
  "artistName" : "Suicide",
  "segment" : "Previously Active Listeners"
}, {
  "artistName" : "EJAE",
  "segment" : "Previously Active Listeners"
}, {
  "artistName" : "Steve Monite",
  "segment" : "Light listeners"
}, {
  "artistName" : "Ian Brown",
  "segment" : "Previously Active Listeners"
}, {
  "artistName" : "Daughter",
  "segment" : "Previously Active Listeners"
}, {
  "artistName" : "Isabelle Pierre",
  "segment" : "Previously Active Listeners"
}, {
  "artistName" : "Layo and Bushwacker",
  "segment" : "Previously Active Listeners"
}, {
  "artistName" : "Vitamin String Quartet",
  "segment" : "Previously Active Listeners"
}, {
  "artistName" : "Pedro Aznar",
  "segment" : "Previously Active Listeners"
}, {
  "artistName" : "Fey",
  "segment" : "Previously Active Listeners"
}, {
  "artistName" : "Modest Mouse",
  "segment" : "Previously Active Listeners"
}, {
  "artistName" : "Ms Nina",
  "segment" : "Previously Active Listeners"
}, {
  "artistName" : "Ganggy",
  "segment" : "Previously Active Listeners"
}, {
  "artistName" : "Carín León",
  "segment" : "Light listeners"
}, {
  "artistName" : "Pip Blom",
  "segment" : "Previously Active Listeners"
}, {
  "artistName" : "Pol Granch",
  "segment" : "Previously Active Listeners"
}, {
  "artistName" : "Backstreet Boys",
  "segment" : "Previously Active Listeners"
}, {
  "artistName" : "Oasis",
  "segment" : "Previously Active Listeners"
}, {
  "artistName" : "Caloncho",
  "segment" : "Previously Active Listeners"
}, {
  "artistName" : "The Voidz",
  "segment" : "Previously Active Listeners"
}, {
  "artistName" : "Chromatics",
  "segment" : "Previously Active Listeners"
}, {
  "artistName" : "Sébastien Tellier",
  "segment" : "Previously Active Listeners"
}, {
  "artistName" : "Marwán",
  "segment" : "Previously Active Listeners"
}, {
  "artistName" : "Mijares",
  "segment" : "Previously Active Listeners"
}, {
  "artistName" : "Natanael Cano",
  "segment" : "Super Listeners"
}, {
  "artistName" : "The Breeders",
  "segment" : "Previously Active Listeners"
}, {
  "artistName" : "Nina Simone",
  "segment" : "Previously Active Listeners"
}, {
  "artistName" : "Quakers",
  "segment" : "Previously Active Listeners"
}, {
  "artistName" : "DJ Nelson",
  "segment" : "Light listeners"
}, {
  "artistName" : "DJs From Mars",
  "segment" : "Previously Active Listeners"
}, {
  "artistName" : "Fleet Foxes",
  "segment" : "Previously Active Listeners"
}, {
  "artistName" : "Los Legendarios",
  "segment" : "Light listeners"
}, {
  "artistName" : "Belle and Sebastian",
  "segment" : "Previously Active Listeners"
}, {
  "artistName" : "Crystal Castles",
  "segment" : "Previously Active Listeners"
}, {
  "artistName" : "Paco Amoroso",
  "segment" : "Previously Active Listeners"
}, {
  "artistName" : "PinkPantheress",
  "segment" : "Previously Active Listeners"
}, {
  "artistName" : "Rage Against The Machine",
  "segment" : "Previously Active Listeners"
}, {
  "artistName" : "Lykke Li",
  "segment" : "Previously Active Listeners"
}, {
  "artistName" : "Pet Shop Boys",
  "segment" : "Previously Active Listeners"
}, {
  "artistName" : "Cypress Hill",
  "segment" : "Previously Active Listeners"
}, {
  "artistName" : "Gustavo Cerati",
  "segment" : "Previously Active Listeners"
}, {
  "artistName" : "Tonino Baliardo",
  "segment" : "Previously Active Listeners"
}, {
  "artistName" : "Robert Smith",
  "segment" : "Previously Active Listeners"
}, {
  "artistName" : "The Charlatans",
  "segment" : "Previously Active Listeners"
}, {
  "artistName" : "Zizzy",
  "segment" : "Light listeners"
}, {
  "artistName" : "G-wiz",
  "segment" : "Previously Active Listeners"
}, {
  "artistName" : "Bobby Pulido",
  "segment" : "Previously Active Listeners"
}, {
  "artistName" : "Menahan Street Band",
  "segment" : "Previously Active Listeners"
}, {
  "artistName" : "Tony Dize",
  "segment" : "Light listeners"
}, {
  "artistName" : "DLD",
  "segment" : "Previously Active Listeners"
}, {
  "artistName" : "The Velvet Underground",
  "segment" : "Previously Active Listeners"
}, {
  "artistName" : "Wham!",
  "segment" : "Previously Active Listeners"
}, {
  "artistName" : "The Magician",
  "segment" : "Previously Active Listeners"
}, {
  "artistName" : "Little Simz",
  "segment" : "Previously Active Listeners"
}, {
  "artistName" : "Kinky",
  "segment" : "Previously Active Listeners"
}, {
  "artistName" : "GloRilla",
  "segment" : "Previously Active Listeners"
}, {
  "artistName" : "江玲",
  "segment" : "Previously Active Listeners"
}, {
  "artistName" : "LMK",
  "segment" : "Previously Active Listeners"
}, {
  "artistName" : "Sly5thAve",
  "segment" : "Previously Active Listeners"
}, {
  "artistName" : "ESG",
  "segment" : "Previously Active Listeners"
}, {
  "artistName" : "natamontana",
  "segment" : "Previously Active Listeners"
}, {
  "artistName" : "Pønce",
  "segment" : "Previously Active Listeners"
}, {
  "artistName" : "Yung Lean",
  "segment" : "Previously Active Listeners"
}, {
  "artistName" : "Ministry",
  "segment" : "Previously Active Listeners"
}, {
  "artistName" : "Chris Brown",
  "segment" : "Previously Active Listeners"
}, {
  "artistName" : "Dei V",
  "segment" : "Moderate listeners"
}, {
  "artistName" : "Goat",
  "segment" : "Previously Active Listeners"
}, {
  "artistName" : "Adriel Favela",
  "segment" : "Previously Active Listeners"
}, {
  "artistName" : "Mr. Belt & Wezol",
  "segment" : "Previously Active Listeners"
}, {
  "artistName" : "Fever Ray",
  "segment" : "Previously Active Listeners"
}, {
  "artistName" : "Luny Tunes",
  "segment" : "Previously Active Listeners"
}, {
  "artistName" : "Clasiqueros",
  "segment" : "Previously Active Listeners"
}, {
  "artistName" : "Kid Cudi",
  "segment" : "Previously Active Listeners"
}, {
  "artistName" : "Belinda",
  "segment" : "Light listeners"
}, {
  "artistName" : "Christina y Los Subterraneos",
  "segment" : "Previously Active Listeners"
}, {
  "artistName" : "The National",
  "segment" : "Previously Active Listeners"
}, {
  "artistName" : "Solar Stone",
  "segment" : "Previously Active Listeners"
}, {
  "artistName" : "SOG",
  "segment" : "Previously Active Listeners"
}, {
  "artistName" : "Jefferson Airplane",
  "segment" : "Previously Active Listeners"
}, {
  "artistName" : "Herbert von Karajan",
  "segment" : "Previously Active Listeners"
}, {
  "artistName" : "Maria Daniela Y Su Sonido Lasser",
  "segment" : "Previously Active Listeners"
}, {
  "artistName" : "Kamasi Washington",
  "segment" : "Previously Active Listeners"
}, {
  "artistName" : "El Alfa",
  "segment" : "Previously Active Listeners"
}, {
  "artistName" : "Cocoband",
  "segment" : "Previously Active Listeners"
}, {
  "artistName" : "Feid",
  "segment" : "Moderate listeners"
}, {
  "artistName" : "Cannons",
  "segment" : "Previously Active Listeners"
}, {
  "artistName" : "Metallica",
  "segment" : "Previously Active Listeners"
}, {
  "artistName" : "Outkast",
  "segment" : "Previously Active Listeners"
}, {
  "artistName" : "Diplo",
  "segment" : "Previously Active Listeners"
}, {
  "artistName" : "CES",
  "segment" : "Previously Active Listeners"
}, {
  "artistName" : "Silvio Rodríguez",
  "segment" : "Previously Active Listeners"
}, {
  "artistName" : "Temple Of The Dog",
  "segment" : "Previously Active Listeners"
}, {
  "artistName" : "Grupo Firme",
  "segment" : "Light listeners"
}, {
  "artistName" : "Moses Boyd",
  "segment" : "Previously Active Listeners"
}, {
  "artistName" : "DOPE LEMON",
  "segment" : "Previously Active Listeners"
}, {
  "artistName" : "DaBaby",
  "segment" : "Light listeners"
}, {
  "artistName" : "Christian Nodal",
  "segment" : "Previously Active Listeners"
}, {
  "artistName" : "Stealers Wheel",
  "segment" : "Previously Active Listeners"
}, {
  "artistName" : "Romy",
  "segment" : "Light listeners"
}, {
  "artistName" : "The Whatnauts",
  "segment" : "Previously Active Listeners"
}, {
  "artistName" : "Calvin Harris",
  "segment" : "Light listeners"
}, {
  "artistName" : "The Budos Band",
  "segment" : "Previously Active Listeners"
}, {
  "artistName" : "KNEECAP",
  "segment" : "Previously Active Listeners"
}, {
  "artistName" : "Gilberto Santa Rosa",
  "segment" : "Light listeners"
}, {
  "artistName" : "Sneaker Pimps",
  "segment" : "Previously Active Listeners"
}, {
  "artistName" : "Jorge Tapia",
  "segment" : "Previously Active Listeners"
}, {
  "artistName" : "Anitta",
  "segment" : "Previously Active Listeners"
}, {
  "artistName" : "Omar Rodríguez-López",
  "segment" : "Previously Active Listeners"
}, {
  "artistName" : "Schneider TM",
  "segment" : "Previously Active Listeners"
}, {
  "artistName" : "Kiko Veneno",
  "segment" : "Previously Active Listeners"
}, {
  "artistName" : "Anuel AA",
  "segment" : "Previously Active Listeners"
}, {
  "artistName" : "Charlotte Gainsbourg",
  "segment" : "Previously Active Listeners"
}, {
  "artistName" : "Bktherula",
  "segment" : "Light listeners"
}, {
  "artistName" : "Bronco",
  "segment" : "Previously Active Listeners"
}, {
  "artistName" : "The Dandy Warhols",
  "segment" : "Previously Active Listeners"
}, {
  "artistName" : "Urge Overkill",
  "segment" : "Previously Active Listeners"
}, {
  "artistName" : "Yonder Mountain String Band",
  "segment" : "Previously Active Listeners"
}, {
  "artistName" : "Titán",
  "segment" : "Previously Active Listeners"
}, {
  "artistName" : "Bryant Myers",
  "segment" : "Previously Active Listeners"
}, {
  "artistName" : "Manu Chao",
  "segment" : "Light listeners"
}, {
  "artistName" : "Conway the Machine",
  "segment" : "Previously Active Listeners"
}, {
  "artistName" : "Control Machete",
  "segment" : "Previously Active Listeners"
}, {
  "artistName" : "Yamê",
  "segment" : "Previously Active Listeners"
}, {
  "artistName" : "Leon Haywood",
  "segment" : "Previously Active Listeners"
}, {
  "artistName" : "Alemán",
  "segment" : "Previously Active Listeners"
}, {
  "artistName" : "Ñengo Flow",
  "segment" : "Moderate listeners"
}, {
  "artistName" : "Taylor Swift",
  "segment" : "Previously Active Listeners"
}, {
  "artistName" : "Rocket Juice & The Moon",
  "segment" : "Previously Active Listeners"
}, {
  "artistName" : "Pepe Aguilar",
  "segment" : "Previously Active Listeners"
}, {
  "artistName" : "The Cult",
  "segment" : "Previously Active Listeners"
}, {
  "artistName" : "Jamiroquai",
  "segment" : "Previously Active Listeners"
}, {
  "artistName" : "Michael Jackson",
  "segment" : "Previously Active Listeners"
}, {
  "artistName" : "Alleh",
  "segment" : "Previously Active Listeners"
}, {
  "artistName" : "Make A Dance",
  "segment" : "Previously Active Listeners"
}, {
  "artistName" : "ELENA ROSE",
  "segment" : "Light listeners"
}, {
  "artistName" : "Los Chikos del Maiz",
  "segment" : "Previously Active Listeners"
}, {
  "artistName" : "The Edge",
  "segment" : "Previously Active Listeners"
}, {
  "artistName" : "Shifty Shellshock",
  "segment" : "Previously Active Listeners"
}, {
  "artistName" : "BIA",
  "segment" : "Light listeners"
}, {
  "artistName" : "Omar Courtz",
  "segment" : "Moderate listeners"
}, {
  "artistName" : "Nene Malo",
  "segment" : "Light listeners"
}, {
  "artistName" : "Los Cojolites",
  "segment" : "Previously Active Listeners"
}, {
  "artistName" : "Charles Bradley",
  "segment" : "Previously Active Listeners"
}, {
  "artistName" : "Sunny War",
  "segment" : "Previously Active Listeners"
}, {
  "artistName" : "Q Lazzarus",
  "segment" : "Previously Active Listeners"
}, {
  "artistName" : "C. Tangana",
  "segment" : "Light listeners"
}, {
  "artistName" : "Phil Lesh & Communion",
  "segment" : "Previously Active Listeners"
}, {
  "artistName" : "Whigfield",
  "segment" : "Previously Active Listeners"
}, {
  "artistName" : "Wilkins",
  "segment" : "Previously Active Listeners"
}, {
  "artistName" : "Hanumankind",
  "segment" : "Moderate listeners"
}, {
  "artistName" : "Estevan Plazola",
  "segment" : "Previously Active Listeners"
}, {
  "artistName" : "Desire",
  "segment" : "Previously Active Listeners"
}, {
  "artistName" : "Quevedo",
  "segment" : "Previously Active Listeners"
}, {
  "artistName" : "EZ Band",
  "segment" : "Previously Active Listeners"
}, {
  "artistName" : "León Gieco",
  "segment" : "Previously Active Listeners"
}, {
  "artistName" : "Allen Toussaint",
  "segment" : "Previously Active Listeners"
}, {
  "artistName" : "Moby",
  "segment" : "Light listeners"
}, {
  "artistName" : "CHASE B",
  "segment" : "Previously Active Listeners"
}, {
  "artistName" : "Plan B",
  "segment" : "Light listeners"
}, {
  "artistName" : "King Crimson",
  "segment" : "Previously Active Listeners"
}, {
  "artistName" : "DOMELIPA",
  "segment" : "Previously Active Listeners"
}, {
  "artistName" : "camo mane",
  "segment" : "Previously Active Listeners"
}, {
  "artistName" : "Axel Catalán",
  "segment" : "Previously Active Listeners"
}, {
  "artistName" : "Miguel",
  "segment" : "Previously Active Listeners"
}, {
  "artistName" : "The Martinez Brothers",
  "segment" : "Previously Active Listeners"
}, {
  "artistName" : "Café Tacvba",
  "segment" : "Previously Active Listeners"
}, {
  "artistName" : "See You Next Tuesday",
  "segment" : "Previously Active Listeners"
}, {
  "artistName" : "The Jordanaires",
  "segment" : "Previously Active Listeners"
}, {
  "artistName" : "Bad Bunny",
  "segment" : "Super Listeners"
}, {
  "artistName" : "Niño de Elche",
  "segment" : "Previously Active Listeners"
}, {
  "artistName" : "Mark Saunders",
  "segment" : "Previously Active Listeners"
}, {
  "artistName" : "Fito Paez",
  "segment" : "Previously Active Listeners"
}, {
  "artistName" : "The Strokes",
  "segment" : "Moderate listeners"
}, {
  "artistName" : "DJ Revolution",
  "segment" : "Previously Active Listeners"
}, {
  "artistName" : "Calle 24",
  "segment" : "Previously Active Listeners"
}, {
  "artistName" : "Mariah Angeliq",
  "segment" : "Previously Active Listeners"
}, {
  "artistName" : "MAGN4TA",
  "segment" : "Previously Active Listeners"
}, {
  "artistName" : "Arovane",
  "segment" : "Previously Active Listeners"
}, {
  "artistName" : "Beéle",
  "segment" : "Previously Active Listeners"
}, {
  "artistName" : "Girl Ultra",
  "segment" : "Previously Active Listeners"
}, {
  "artistName" : "JAY-Z",
  "segment" : "Previously Active Listeners"
}, {
  "artistName" : "Ana Gabriel",
  "segment" : "Previously Active Listeners"
}, {
  "artistName" : "Claude VonStroke",
  "segment" : "Previously Active Listeners"
}, {
  "artistName" : "ear",
  "segment" : "Previously Active Listeners"
}, {
  "artistName" : "Blue Öyster Cult",
  "segment" : "Previously Active Listeners"
}, {
  "artistName" : "KPT.Michi.Gan",
  "segment" : "Previously Active Listeners"
}, {
  "artistName" : "Beck",
  "segment" : "Previously Active Listeners"
}, {
  "artistName" : "Los Kuatro De Durango",
  "segment" : "Previously Active Listeners"
}, {
  "artistName" : "Drake",
  "segment" : "Previously Active Listeners"
}, {
  "artistName" : "Alejandro Fernández",
  "segment" : "Previously Active Listeners"
}, {
  "artistName" : "Snoop Dogg",
  "segment" : "Previously Active Listeners"
}, {
  "artistName" : "Jhay P",
  "segment" : "Previously Active Listeners"
}, {
  "artistName" : "Ryan Castro",
  "segment" : "Light listeners"
}, {
  "artistName" : "Prince",
  "segment" : "Previously Active Listeners"
}, {
  "artistName" : "Mike Alvear",
  "segment" : "Previously Active Listeners"
}, {
  "artistName" : "Jason Joshua",
  "segment" : "Previously Active Listeners"
}, {
  "artistName" : "Real McCoy",
  "segment" : "Previously Active Listeners"
}, {
  "artistName" : "Gisselle",
  "segment" : "Previously Active Listeners"
}, {
  "artistName" : "DENNIS",
  "segment" : "Previously Active Listeners"
}, {
  "artistName" : "Radiohead",
  "segment" : "Moderate listeners"
}, {
  "artistName" : "Bruno Mars",
  "segment" : "Previously Active Listeners"
}, {
  "artistName" : "Deftones",
  "segment" : "Super Listeners"
}, {
  "artistName" : "KennyHoopla",
  "segment" : "Previously Active Listeners"
}, {
  "artistName" : "King Gizzard & The Lizard Wizard",
  "segment" : "Previously Active Listeners"
}, {
  "artistName" : "Preoccupations",
  "segment" : "Previously Active Listeners"
}, {
  "artistName" : "Miguel Bosé",
  "segment" : "Previously Active Listeners"
}, {
  "artistName" : "La Húngara",
  "segment" : "Previously Active Listeners"
}, {
  "artistName" : "Sexyy Red",
  "segment" : "Previously Active Listeners"
}, {
  "artistName" : "Clave Especial",
  "segment" : "Previously Active Listeners"
}, {
  "artistName" : "David Bowie",
  "segment" : "Light listeners"
}, {
  "artistName" : "Damian Marley",
  "segment" : "Previously Active Listeners"
}, {
  "artistName" : "Her's",
  "segment" : "Light listeners"
}, {
  "artistName" : "Jory Boy",
  "segment" : "Light listeners"
}, {
  "artistName" : "Abraham Vazquez",
  "segment" : "Previously Active Listeners"
}, {
  "artistName" : "MF DOOM",
  "segment" : "Previously Active Listeners"
}, {
  "artistName" : "Gloria Trevi",
  "segment" : "Light listeners"
}, {
  "artistName" : "Foo Fighters",
  "segment" : "Previously Active Listeners"
}, {
  "artistName" : "Beto Zapata",
  "segment" : "Previously Active Listeners"
}, {
  "artistName" : "Sonic Youth",
  "segment" : "Light listeners"
}, {
  "artistName" : "ROSÉ",
  "segment" : "Previously Active Listeners"
}, {
  "artistName" : "Grupo Perla Colombiana",
  "segment" : "Previously Active Listeners"
}, {
  "artistName" : "Kim Gordon",
  "segment" : "Previously Active Listeners"
}, {
  "artistName" : "Flying Lotus",
  "segment" : "Previously Active Listeners"
}, {
  "artistName" : "Octavian",
  "segment" : "Light listeners"
}, {
  "artistName" : "Herencia de Patrones",
  "segment" : "Previously Active Listeners"
}, {
  "artistName" : "Japanese Breakfast",
  "segment" : "Previously Active Listeners"
}, {
  "artistName" : "Gus Seyffert",
  "segment" : "Previously Active Listeners"
}, {
  "artistName" : "Bon Entendeur",
  "segment" : "Previously Active Listeners"
}, {
  "artistName" : "Miami Horror",
  "segment" : "Light listeners"
}, {
  "artistName" : "Emmanuel",
  "segment" : "Previously Active Listeners"
}, {
  "artistName" : "Grupo Sonador",
  "segment" : "Previously Active Listeners"
}, {
  "artistName" : "Nicki Nicole",
  "segment" : "Previously Active Listeners"
}, {
  "artistName" : "DJ_Dave",
  "segment" : "Previously Active Listeners"
}, {
  "artistName" : "Dua Lipa",
  "segment" : "Moderate listeners"
}, {
  "artistName" : "D Double E",
  "segment" : "Moderate listeners"
}, {
  "artistName" : "Switch Angel",
  "segment" : "Previously Active Listeners"
}, {
  "artistName" : "Daddy Yankee",
  "segment" : "Moderate listeners"
}, {
  "artistName" : "Alice In Chains",
  "segment" : "Previously Active Listeners"
}, {
  "artistName" : "Silvio Rodríguez y Pablo Milanés",
  "segment" : "Previously Active Listeners"
}, {
  "artistName" : "Psychedelic Porn Crumpets",
  "segment" : "Previously Active Listeners"
}, {
  "artistName" : "Young Thug",
  "segment" : "Previously Active Listeners"
}, {
  "artistName" : "MCR-T",
  "segment" : "Previously Active Listeners"
}, {
  "artistName" : "U-Roy",
  "segment" : "Previously Active Listeners"
}, {
  "artistName" : "Chael Produciendo",
  "segment" : "Previously Active Listeners"
}, {
  "artistName" : "MEZERG",
  "segment" : "Previously Active Listeners"
}, {
  "artistName" : "Paulo Londra",
  "segment" : "Previously Active Listeners"
}, {
  "artistName" : "Diana Bovio",
  "segment" : "Previously Active Listeners"
}, {
  "artistName" : "Buscabulla",
  "segment" : "Previously Active Listeners"
}, {
  "artistName" : "ãssia ghendir",
  "segment" : "Previously Active Listeners"
}, {
  "artistName" : "Rosa Walton",
  "segment" : "Light listeners"
}, {
  "artistName" : "Los Tigres Del Norte",
  "segment" : "Previously Active Listeners"
}, {
  "artistName" : "Grupo Frontera",
  "segment" : "Moderate listeners"
}, {
  "artistName" : "The B-52's",
  "segment" : "Previously Active Listeners"
}, {
  "artistName" : "Nas & Damian \"Jr. Gong\" Marley",
  "segment" : "Previously Active Listeners"
}, {
  "artistName" : "Victor Mendivil",
  "segment" : "Previously Active Listeners"
}, {
  "artistName" : "Nafe Smallz",
  "segment" : "Previously Active Listeners"
}, {
  "artistName" : "Xantos",
  "segment" : "Light listeners"
}, {
  "artistName" : "Rich The Kid",
  "segment" : "Previously Active Listeners"
}, {
  "artistName" : "Mick Harvey",
  "segment" : "Light listeners"
}, {
  "artistName" : "Danny Ocean",
  "segment" : "Previously Active Listeners"
}, {
  "artistName" : "NATHY PELUSO",
  "segment" : "Previously Active Listeners"
}, {
  "artistName" : "Tom Tom Club",
  "segment" : "Previously Active Listeners"
}, {
  "artistName" : "Danny Saber",
  "segment" : "Previously Active Listeners"
}, {
  "artistName" : "Limi-T 21",
  "segment" : "Previously Active Listeners"
}, {
  "artistName" : "Yailin la Mas Viral",
  "segment" : "Light listeners"
}, {
  "artistName" : "Boredoms",
  "segment" : "Previously Active Listeners"
}, {
  "artistName" : "Fobia",
  "segment" : "Previously Active Listeners"
}, {
  "artistName" : "La Santa Cecilia",
  "segment" : "Previously Active Listeners"
}, {
  "artistName" : "DRUMMIE",
  "segment" : "Previously Active Listeners"
}, {
  "artistName" : "JR Torres",
  "segment" : "Previously Active Listeners"
}, {
  "artistName" : "Duke Dumont",
  "segment" : "Previously Active Listeners"
}, {
  "artistName" : "The Most Wanted",
  "segment" : "Previously Active Listeners"
}, {
  "artistName" : "La Sonora Matancera",
  "segment" : "Previously Active Listeners"
}, {
  "artistName" : "RXKNephew",
  "segment" : "Previously Active Listeners"
}, {
  "artistName" : "KHEA",
  "segment" : "Previously Active Listeners"
}, {
  "artistName" : "Chuy Montana",
  "segment" : "Previously Active Listeners"
}, {
  "artistName" : "El Buen Hijo",
  "segment" : "Previously Active Listeners"
}, {
  "artistName" : "Madlib",
  "segment" : "Previously Active Listeners"
}, {
  "artistName" : "Don Omar",
  "segment" : "Light listeners"
}, {
  "artistName" : "Gary Numan",
  "segment" : "Previously Active Listeners"
}, {
  "artistName" : "DIIV",
  "segment" : "Previously Active Listeners"
}, {
  "artistName" : "Beth Hirsch",
  "segment" : "Previously Active Listeners"
}, {
  "artistName" : "José Maria Napoleón",
  "segment" : "Previously Active Listeners"
}, {
  "artistName" : "Juan Gabriel",
  "segment" : "Previously Active Listeners"
}, {
  "artistName" : "Wisin & Yandel",
  "segment" : "Moderate listeners"
}, {
  "artistName" : "Mora",
  "segment" : "Light listeners"
}, {
  "artistName" : "Ramses Rico",
  "segment" : "Previously Active Listeners"
}, {
  "artistName" : "Lisandro Meza",
  "segment" : "Previously Active Listeners"
}, {
  "artistName" : "Moloko",
  "segment" : "Previously Active Listeners"
}, {
  "artistName" : "Hot Chip",
  "segment" : "Previously Active Listeners"
}, {
  "artistName" : "Los Tres",
  "segment" : "Previously Active Listeners"
}, {
  "artistName" : "Jimmy Humilde",
  "segment" : "Previously Active Listeners"
}, {
  "artistName" : "The Jellies",
  "segment" : "Previously Active Listeners"
}, {
  "artistName" : "Omar Apollo",
  "segment" : "Previously Active Listeners"
}, {
  "artistName" : "Levent Canseven",
  "segment" : "Previously Active Listeners"
}, {
  "artistName" : "My Morning Jacket",
  "segment" : "Previously Active Listeners"
}, {
  "artistName" : "Karavana",
  "segment" : "Previously Active Listeners"
}, {
  "artistName" : "Los Titanes De Durango",
  "segment" : "Previously Active Listeners"
}, {
  "artistName" : "Lou Reed",
  "segment" : "Previously Active Listeners"
}, {
  "artistName" : "Juan Cirerol",
  "segment" : "Previously Active Listeners"
}, {
  "artistName" : "The Field",
  "segment" : "Previously Active Listeners"
}, {
  "artistName" : "Raul Vega",
  "segment" : "Previously Active Listeners"
}, {
  "artistName" : "d4vd",
  "segment" : "Previously Active Listeners"
}, {
  "artistName" : "Thom Yorke",
  "segment" : "Light listeners"
}, {
  "artistName" : "Iggy Pop",
  "segment" : "Light listeners"
}, {
  "artistName" : "Ramones",
  "segment" : "Previously Active Listeners"
}, {
  "artistName" : "Raymix",
  "segment" : "Previously Active Listeners"
}, {
  "artistName" : "Los Lobos",
  "segment" : "Previously Active Listeners"
}, {
  "artistName" : "Nation of Language",
  "segment" : "Previously Active Listeners"
}, {
  "artistName" : "Chalart58",
  "segment" : "Light listeners"
}, {
  "artistName" : "Los Piratas",
  "segment" : "Previously Active Listeners"
}, {
  "artistName" : "Danny Brown",
  "segment" : "Previously Active Listeners"
}, {
  "artistName" : "Donna Summer",
  "segment" : "Previously Active Listeners"
}, {
  "artistName" : "Cage The Elephant",
  "segment" : "Previously Active Listeners"
}, {
  "artistName" : "Radio Futura",
  "segment" : "Previously Active Listeners"
}, {
  "artistName" : "Derek & The Dominos",
  "segment" : "Previously Active Listeners"
}, {
  "artistName" : "Antonio Banderas",
  "segment" : "Previously Active Listeners"
}, {
  "artistName" : "Ratatat",
  "segment" : "Previously Active Listeners"
}, {
  "artistName" : "Luis R Conriquez",
  "segment" : "Light listeners"
}, {
  "artistName" : "Mariana Treviño",
  "segment" : "Light listeners"
}, {
  "artistName" : "Tainy",
  "segment" : "Moderate listeners"
}, {
  "artistName" : "Pepe Blanco",
  "segment" : "Previously Active Listeners"
}, {
  "artistName" : "Blume",
  "segment" : "Previously Active Listeners"
}, {
  "artistName" : "Maria Conchita Alonso",
  "segment" : "Previously Active Listeners"
}, {
  "artistName" : "Mano Negra",
  "segment" : "Previously Active Listeners"
}, {
  "artistName" : "O.C.",
  "segment" : "Previously Active Listeners"
}, {
  "artistName" : "Rozalén",
  "segment" : "Previously Active Listeners"
}, {
  "artistName" : "Electronic",
  "segment" : "Previously Active Listeners"
}, {
  "artistName" : "Benson Boone",
  "segment" : "Previously Active Listeners"
}, {
  "artistName" : "Counting Crows",
  "segment" : "Previously Active Listeners"
}, {
  "artistName" : "Simon Gallup",
  "segment" : "Previously Active Listeners"
}, {
  "artistName" : "Willie Colón",
  "segment" : "Light listeners"
}, {
  "artistName" : "John Robie",
  "segment" : "Previously Active Listeners"
}, {
  "artistName" : "The Young Gods",
  "segment" : "Previously Active Listeners"
}, {
  "artistName" : "Central Cee",
  "segment" : "Previously Active Listeners"
}, {
  "artistName" : "Adala",
  "segment" : "Previously Active Listeners"
}, {
  "artistName" : "Yuri",
  "segment" : "Previously Active Listeners"
}, {
  "artistName" : "Fred again..",
  "segment" : "Moderate listeners"
}, {
  "artistName" : "Blur",
  "segment" : "Light listeners"
}, {
  "artistName" : "Yuridia",
  "segment" : "Previously Active Listeners"
}, {
  "artistName" : "Los Llayras",
  "segment" : "Previously Active Listeners"
}, {
  "artistName" : "Natalia Lafourcade",
  "segment" : "Previously Active Listeners"
}, {
  "artistName" : "Luck Ra",
  "segment" : "Previously Active Listeners"
}, {
  "artistName" : "The Lazy Eyes",
  "segment" : "Previously Active Listeners"
}, {
  "artistName" : "Clairo",
  "segment" : "Previously Active Listeners"
}, {
  "artistName" : "Eladio Carrion",
  "segment" : "Previously Active Listeners"
}, {
  "artistName" : "Disclosure",
  "segment" : "Previously Active Listeners"
}, {
  "artistName" : "''El Obama'' Carlos Anderson",
  "segment" : "Previously Active Listeners"
}, {
  "artistName" : "Los Auténticos Decadentes",
  "segment" : "Previously Active Listeners"
}, {
  "artistName" : "Jamie xx",
  "segment" : "Previously Active Listeners"
}, {
  "artistName" : "Boza",
  "segment" : "Light listeners"
}, {
  "artistName" : "The Parrots",
  "segment" : "Previously Active Listeners"
}, {
  "artistName" : "PXNDX",
  "segment" : "Light listeners"
}, {
  "artistName" : "Morrissey",
  "segment" : "Previously Active Listeners"
}, {
  "artistName" : "JID",
  "segment" : "Previously Active Listeners"
}, {
  "artistName" : "Plastilina Mosh",
  "segment" : "Previously Active Listeners"
}, {
  "artistName" : "Propellerheads",
  "segment" : "Previously Active Listeners"
}, {
  "artistName" : "Maury",
  "segment" : "Previously Active Listeners"
}, {
  "artistName" : "Lloyd",
  "segment" : "Previously Active Listeners"
}, {
  "artistName" : "Chuyin",
  "segment" : "Previously Active Listeners"
}, {
  "artistName" : "Carlitos Rossy",
  "segment" : "Light listeners"
}, {
  "artistName" : "Fat Freddy's Drop",
  "segment" : "Previously Active Listeners"
}, {
  "artistName" : "Rawayana",
  "segment" : "Previously Active Listeners"
}, {
  "artistName" : "Mi Banda El Mexicano",
  "segment" : "Light listeners"
}, {
  "artistName" : "Dead Prez",
  "segment" : "Previously Active Listeners"
}, {
  "artistName" : "The Zombies",
  "segment" : "Previously Active Listeners"
}, {
  "artistName" : "Fleetwood Mac",
  "segment" : "Previously Active Listeners"
}, {
  "artistName" : "León Larregui",
  "segment" : "Previously Active Listeners"
}, {
  "artistName" : "Ghost",
  "segment" : "Previously Active Listeners"
}, {
  "artistName" : "Cassius",
  "segment" : "Previously Active Listeners"
}, {
  "artistName" : "Gera MX",
  "segment" : "Previously Active Listeners"
}, {
  "artistName" : "Jowell & Randy",
  "segment" : "Moderate listeners"
}, {
  "artistName" : "La Tropa Vallenata",
  "segment" : "Previously Active Listeners"
}, {
  "artistName" : "Delegation",
  "segment" : "Previously Active Listeners"
}, {
  "artistName" : "Playboi Carti",
  "segment" : "Previously Active Listeners"
}, {
  "artistName" : "Mickey Hart",
  "segment" : "Previously Active Listeners"
}, {
  "artistName" : "Ms. Lauryn Hill",
  "segment" : "Previously Active Listeners"
}, {
  "artistName" : "Helmet",
  "segment" : "Previously Active Listeners"
}, {
  "artistName" : "Yard Act",
  "segment" : "Light listeners"
}, {
  "artistName" : "José José",
  "segment" : "Previously Active Listeners"
}, {
  "artistName" : "Valentín Elizalde",
  "segment" : "Light listeners"
}, {
  "artistName" : "Television",
  "segment" : "Light listeners"
}, {
  "artistName" : "Noriega",
  "segment" : "Previously Active Listeners"
}, {
  "artistName" : "Red Hot Chili Peppers",
  "segment" : "Previously Active Listeners"
}, {
  "artistName" : "Kelly Finnigan",
  "segment" : "Previously Active Listeners"
}, {
  "artistName" : "Marilyn Manson",
  "segment" : "Previously Active Listeners"
}, {
  "artistName" : "Los Primos del Este",
  "segment" : "Previously Active Listeners"
}, {
  "artistName" : "Mott The Hoople",
  "segment" : "Previously Active Listeners"
}, {
  "artistName" : "Foudeqush",
  "segment" : "Previously Active Listeners"
}, {
  "artistName" : "Rels B",
  "segment" : "Previously Active Listeners"
}, {
  "artistName" : "PNAU",
  "segment" : "Previously Active Listeners"
}, {
  "artistName" : "The Bloodhounds",
  "segment" : "Previously Active Listeners"
}, {
  "artistName" : "M.I.A.",
  "segment" : "Previously Active Listeners"
}, {
  "artistName" : "El Último De La Fila",
  "segment" : "Previously Active Listeners"
}, {
  "artistName" : "Gil Scott-Heron",
  "segment" : "Previously Active Listeners"
}, {
  "artistName" : "David Guetta",
  "segment" : "Previously Active Listeners"
}, {
  "artistName" : "Grace Potter",
  "segment" : "Previously Active Listeners"
}, {
  "artistName" : "Teezo Touchdown",
  "segment" : "Previously Active Listeners"
}, {
  "artistName" : "Ralphie Choo",
  "segment" : "Previously Active Listeners"
}, {
  "artistName" : "Nueva H",
  "segment" : "Previously Active Listeners"
}, {
  "artistName" : "Ángela Aguilar",
  "segment" : "Previously Active Listeners"
}, {
  "artistName" : "Beyoncé",
  "segment" : "Previously Active Listeners"
}, {
  "artistName" : "George Harrison",
  "segment" : "Previously Active Listeners"
}, {
  "artistName" : "Butthole Surfers",
  "segment" : "Previously Active Listeners"
}, {
  "artistName" : "Jane Birkin",
  "segment" : "Previously Active Listeners"
}, {
  "artistName" : "Daft Punk",
  "segment" : "Previously Active Listeners"
}, {
  "artistName" : "Nicky Jam",
  "segment" : "Light listeners"
}, {
  "artistName" : "Remy Zero",
  "segment" : "Previously Active Listeners"
}, {
  "artistName" : "Gabito Ballesteros",
  "segment" : "Light listeners"
}, {
  "artistName" : "Victor Valverde",
  "segment" : "Previously Active Listeners"
}, {
  "artistName" : "The Jam",
  "segment" : "Previously Active Listeners"
}, {
  "artistName" : "The Church",
  "segment" : "Previously Active Listeners"
}, {
  "artistName" : "Ladytron",
  "segment" : "Previously Active Listeners"
}, {
  "artistName" : "Jon Secada",
  "segment" : "Previously Active Listeners"
}, {
  "artistName" : "Blanquito Man",
  "segment" : "Previously Active Listeners"
}, {
  "artistName" : "Broadcast",
  "segment" : "Previously Active Listeners"
}, {
  "artistName" : "Los Fabulosos Cadillacs",
  "segment" : "Previously Active Listeners"
}, {
  "artistName" : "Durand Jones & The Indications",
  "segment" : "Previously Active Listeners"
}, {
  "artistName" : "SG Lewis",
  "segment" : "Previously Active Listeners"
}, {
  "artistName" : "Billie Eilish",
  "segment" : "Previously Active Listeners"
}, {
  "artistName" : "Grupo Mojado",
  "segment" : "Previously Active Listeners"
}, {
  "artistName" : "BUNT.",
  "segment" : "Previously Active Listeners"
}, {
  "artistName" : "Maverick Sabre",
  "segment" : "Previously Active Listeners"
}, {
  "artistName" : "College",
  "segment" : "Previously Active Listeners"
}, {
  "artistName" : "Alpha",
  "segment" : "Previously Active Listeners"
}, {
  "artistName" : "Al Safir",
  "segment" : "Previously Active Listeners"
}, {
  "artistName" : "Franco De Vita",
  "segment" : "Previously Active Listeners"
}, {
  "artistName" : "Isaac Delusion",
  "segment" : "Previously Active Listeners"
}, {
  "artistName" : "Cut Copy",
  "segment" : "Previously Active Listeners"
}, {
  "artistName" : "Crippling Alcoholism",
  "segment" : "Previously Active Listeners"
}, {
  "artistName" : "Gian Marco",
  "segment" : "Previously Active Listeners"
}, {
  "artistName" : "Denise De Kalafe",
  "segment" : "Previously Active Listeners"
}, {
  "artistName" : "Nine Inch Nails",
  "segment" : "Previously Active Listeners"
}, {
  "artistName" : "Prayers",
  "segment" : "Previously Active Listeners"
}, {
  "artistName" : "VAD BOYZ",
  "segment" : "Previously Active Listeners"
}, {
  "artistName" : "Blondshell",
  "segment" : "Previously Active Listeners"
}, {
  "artistName" : "The Raveonettes",
  "segment" : "Previously Active Listeners"
}, {
  "artistName" : "RaiNao",
  "segment" : "Moderate listeners"
}, {
  "artistName" : "DFZM",
  "segment" : "Previously Active Listeners"
}, {
  "artistName" : "Us3",
  "segment" : "Previously Active Listeners"
}, {
  "artistName" : "Alejandro Sanz",
  "segment" : "Previously Active Listeners"
}, {
  "artistName" : "Nikola Gala",
  "segment" : "Previously Active Listeners"
}, {
  "artistName" : "Loco Mía",
  "segment" : "Previously Active Listeners"
}, {
  "artistName" : "Santigold",
  "segment" : "Previously Active Listeners"
}, {
  "artistName" : "Tito Double P",
  "segment" : "Previously Active Listeners"
}, {
  "artistName" : "Berliner Philharmoniker",
  "segment" : "Previously Active Listeners"
}, {
  "artistName" : "Eric Church",
  "segment" : "Previously Active Listeners"
}, {
  "artistName" : "The Horrors",
  "segment" : "Light listeners"
}, {
  "artistName" : "El Fantasma",
  "segment" : "Previously Active Listeners"
}, {
  "artistName" : "Sen Senra",
  "segment" : "Previously Active Listeners"
}, {
  "artistName" : "Teddybears",
  "segment" : "Light listeners"
}, {
  "artistName" : "Primal Scream",
  "segment" : "Previously Active Listeners"
}, {
  "artistName" : "JACKBOYS",
  "segment" : "Previously Active Listeners"
}, {
  "artistName" : "Niningashi",
  "segment" : "Previously Active Listeners"
}, {
  "artistName" : "ATL Jacob",
  "segment" : "Light listeners"
}, {
  "artistName" : "Daryl Hall & John Oates",
  "segment" : "Previously Active Listeners"
}, {
  "artistName" : "El As De La Sierra",
  "segment" : "Previously Active Listeners"
}, {
  "artistName" : "OMA",
  "segment" : "Previously Active Listeners"
}, {
  "artistName" : "Myke Towers",
  "segment" : "Light listeners"
}, {
  "artistName" : "Los Prisioneros",
  "segment" : "Previously Active Listeners"
}, {
  "artistName" : "Celso Piña",
  "segment" : "Previously Active Listeners"
}, {
  "artistName" : "Yandel",
  "segment" : "Light listeners"
}, {
  "artistName" : "rusowsky",
  "segment" : "Previously Active Listeners"
}, {
  "artistName" : "Ultimate Spinach",
  "segment" : "Previously Active Listeners"
}, {
  "artistName" : "Shotta",
  "segment" : "Previously Active Listeners"
}, {
  "artistName" : "Maximum Balloon",
  "segment" : "Previously Active Listeners"
}, {
  "artistName" : "Yng Lvcas",
  "segment" : "Previously Active Listeners"
}, {
  "artistName" : "Surprise Chef",
  "segment" : "Previously Active Listeners"
}, {
  "artistName" : "Simon Finley",
  "segment" : "Previously Active Listeners"
}, {
  "artistName" : "Dyemond Lewis",
  "segment" : "Previously Active Listeners"
}, {
  "artistName" : "Derya Yıldırım & Grup Şimşek",
  "segment" : "Previously Active Listeners"
}, {
  "artistName" : "Bizarrap",
  "segment" : "Previously Active Listeners"
}, {
  "artistName" : "Joy Division",
  "segment" : "Light listeners"
}, {
  "artistName" : "Kenia Os",
  "segment" : "Light listeners"
}, {
  "artistName" : "Dulce María",
  "segment" : "Previously Active Listeners"
}, {
  "artistName" : "Morgan Delt",
  "segment" : "Previously Active Listeners"
}, {
  "artistName" : "Jakob",
  "segment" : "Previously Active Listeners"
}, {
  "artistName" : "Ivan Rebroff",
  "segment" : "Previously Active Listeners"
}, {
  "artistName" : "Puyalo Pantera",
  "segment" : "Light listeners"
}, {
  "artistName" : "Jotdog",
  "segment" : "Previously Active Listeners"
}, {
  "artistName" : "Melina Leon",
  "segment" : "Previously Active Listeners"
}, {
  "artistName" : "Marco Paul",
  "segment" : "Previously Active Listeners"
}, {
  "artistName" : "Sabata",
  "segment" : "Previously Active Listeners"
}, {
  "artistName" : "The Last Shadow Puppets",
  "segment" : "Light listeners"
}, {
  "artistName" : "Intocable",
  "segment" : "Previously Active Listeners"
}, {
  "artistName" : "Christina Aguilera",
  "segment" : "Previously Active Listeners"
}, {
  "artistName" : "LCD Soundsystem",
  "segment" : "Light listeners"
}, {
  "artistName" : "AUDREY NUNA",
  "segment" : "Previously Active Listeners"
}, {
  "artistName" : "Tiësto",
  "segment" : "Previously Active Listeners"
}, {
  "artistName" : "Lil Wayne",
  "segment" : "Previously Active Listeners"
}, {
  "artistName" : "Serge Gainsbourg",
  "segment" : "Previously Active Listeners"
}, {
  "artistName" : "San Juan Project",
  "segment" : "Previously Active Listeners"
}, {
  "artistName" : "Mustard",
  "segment" : "Previously Active Listeners"
}, {
  "artistName" : "Foals",
  "segment" : "Previously Active Listeners"
}, {
  "artistName" : "Slug",
  "segment" : "Previously Active Listeners"
}, {
  "artistName" : "Tokischa",
  "segment" : "Previously Active Listeners"
}, {
  "artistName" : "Luisito Muñoz",
  "segment" : "Previously Active Listeners"
}, {
  "artistName" : "Grupo Klaz Y Keroz",
  "segment" : "Previously Active Listeners"
}, {
  "artistName" : "Oddisee",
  "segment" : "Previously Active Listeners"
}, {
  "artistName" : "N'Klabe",
  "segment" : "Previously Active Listeners"
}, {
  "artistName" : "Pastor Lopez",
  "segment" : "Previously Active Listeners"
}, {
  "artistName" : "Fulanito",
  "segment" : "Previously Active Listeners"
}, {
  "artistName" : "Nicoletta",
  "segment" : "Previously Active Listeners"
}, {
  "artistName" : "Stupeflip",
  "segment" : "Previously Active Listeners"
}, {
  "artistName" : "DJ Shadow",
  "segment" : "Light listeners"
}, {
  "artistName" : "KAROL G",
  "segment" : "Previously Active Listeners"
}, {
  "artistName" : "The Game",
  "segment" : "Previously Active Listeners"
}, {
  "artistName" : "Vicente Fernández",
  "segment" : "Previously Active Listeners"
}, {
  "artistName" : "MC Kevin o Chris",
  "segment" : "Previously Active Listeners"
}, {
  "artistName" : "Panter Bélico",
  "segment" : "Previously Active Listeners"
}, {
  "artistName" : "Los Pleneros de la Cresta",
  "segment" : "Moderate listeners"
}, {
  "artistName" : "Aesthetic Future",
  "segment" : "Previously Active Listeners"
}, {
  "artistName" : "Echo & the Bunnymen",
  "segment" : "Light listeners"
}, {
  "artistName" : "MGMT",
  "segment" : "Previously Active Listeners"
}, {
  "artistName" : "Joji",
  "segment" : "Moderate listeners"
}, {
  "artistName" : "T-Dre",
  "segment" : "Previously Active Listeners"
}, {
  "artistName" : "Chrome Sparks",
  "segment" : "Previously Active Listeners"
}, {
  "artistName" : "E.VAX",
  "segment" : "Light listeners"
}, {
  "artistName" : "Molchat Doma",
  "segment" : "Previously Active Listeners"
}, {
  "artistName" : "Death Cab for Cutie",
  "segment" : "Previously Active Listeners"
}, {
  "artistName" : "3BallMTY",
  "segment" : "Previously Active Listeners"
}, {
  "artistName" : "Tyler, The Creator",
  "segment" : "Previously Active Listeners"
}, {
  "artistName" : "Rodrigo Amarante",
  "segment" : "Light listeners"
}, {
  "artistName" : "Barrington Levy",
  "segment" : "Previously Active Listeners"
}, {
  "artistName" : "Nicki Minaj",
  "segment" : "Previously Active Listeners"
}, {
  "artistName" : "Drakkar",
  "segment" : "Previously Active Listeners"
}, {
  "artistName" : "Travis",
  "segment" : "Previously Active Listeners"
}, {
  "artistName" : "Jimmy Cliff",
  "segment" : "Previously Active Listeners"
}, {
  "artistName" : "Paloma Mami",
  "segment" : "Previously Active Listeners"
}, {
  "artistName" : "Nicolás Reyes",
  "segment" : "Previously Active Listeners"
}, {
  "artistName" : "Kanye West",
  "segment" : "Previously Active Listeners"
}, {
  "artistName" : "DELLAFUENTE",
  "segment" : "Previously Active Listeners"
}, {
  "artistName" : "Death Grips",
  "segment" : "Previously Active Listeners"
}, {
  "artistName" : "Alice Glass",
  "segment" : "Previously Active Listeners"
}, {
  "artistName" : "Pearl Jam",
  "segment" : "Previously Active Listeners"
}, {
  "artistName" : "Los Askis",
  "segment" : "Previously Active Listeners"
}, {
  "artistName" : "The Who",
  "segment" : "Previously Active Listeners"
}, {
  "artistName" : "Elton John",
  "segment" : "Previously Active Listeners"
}, {
  "artistName" : "Buddy Miller",
  "segment" : "Previously Active Listeners"
}, {
  "artistName" : "Trap Capos",
  "segment" : "Previously Active Listeners"
}, {
  "artistName" : "Los Socios Del Ritmo",
  "segment" : "Previously Active Listeners"
}, {
  "artistName" : "Skeler",
  "segment" : "Previously Active Listeners"
}, {
  "artistName" : "The Shins",
  "segment" : "Previously Active Listeners"
}, {
  "artistName" : "The Roots",
  "segment" : "Previously Active Listeners"
}, {
  "artistName" : "Mexrrissey",
  "segment" : "Previously Active Listeners"
}, {
  "artistName" : "Viagra Boys",
  "segment" : "Previously Active Listeners"
}, {
  "artistName" : "Coi Leray",
  "segment" : "Previously Active Listeners"
}, {
  "artistName" : "The Kid LAROI",
  "segment" : "Previously Active Listeners"
}, {
  "artistName" : "O.A.R.",
  "segment" : "Previously Active Listeners"
}, {
  "artistName" : "Alicia Villarreal",
  "segment" : "Previously Active Listeners"
}, {
  "artistName" : "Theophilus London",
  "segment" : "Previously Active Listeners"
}, {
  "artistName" : "BigXthaPlug",
  "segment" : "Previously Active Listeners"
}, {
  "artistName" : "Dinosaur Jr.",
  "segment" : "Previously Active Listeners"
}, {
  "artistName" : "Ill Pekeño",
  "segment" : "Previously Active Listeners"
}, {
  "artistName" : "Big Metra",
  "segment" : "Previously Active Listeners"
}, {
  "artistName" : "Mac Miller",
  "segment" : "Previously Active Listeners"
}, {
  "artistName" : "Soul Train Trio",
  "segment" : "Previously Active Listeners"
}, {
  "artistName" : "Bob Marley & The Wailers",
  "segment" : "Previously Active Listeners"
}, {
  "artistName" : "Underworld",
  "segment" : "Previously Active Listeners"
}, {
  "artistName" : "Los Aptos",
  "segment" : "Previously Active Listeners"
}, {
  "artistName" : "J. Cole",
  "segment" : "Previously Active Listeners"
}, {
  "artistName" : "Jennifer Lopez",
  "segment" : "Previously Active Listeners"
}, {
  "artistName" : "Various Artists",
  "segment" : "Moderate listeners"
}, {
  "artistName" : "Bill Kreutzmann",
  "segment" : "Previously Active Listeners"
}, {
  "artistName" : "Amber Mark",
  "segment" : "Previously Active Listeners"
}, {
  "artistName" : "Offset",
  "segment" : "Previously Active Listeners"
}, {
  "artistName" : "Ana Bárbara",
  "segment" : "Previously Active Listeners"
}, {
  "artistName" : "Soda Stereo",
  "segment" : "Previously Active Listeners"
}, {
  "artistName" : "Eddy",
  "segment" : "Previously Active Listeners"
}, {
  "artistName" : "Angelo Hernandez",
  "segment" : "Previously Active Listeners"
}, {
  "artistName" : "L E O",
  "segment" : "Previously Active Listeners"
}, {
  "artistName" : "David Bell",
  "segment" : "Previously Active Listeners"
}, {
  "artistName" : "CARLOS TOLEDO",
  "segment" : "Previously Active Listeners"
}, {
  "artistName" : "Flowering Inferno",
  "segment" : "Previously Active Listeners"
}, {
  "artistName" : "Lady Wray",
  "segment" : "Previously Active Listeners"
}, {
  "artistName" : "Uriel Gaxiola",
  "segment" : "Previously Active Listeners"
}, {
  "artistName" : "La Sonora Santanera",
  "segment" : "Previously Active Listeners"
}, {
  "artistName" : "Celia Cruz",
  "segment" : "Previously Active Listeners"
}, {
  "artistName" : "JHAYCO",
  "segment" : "Moderate listeners"
}, {
  "artistName" : "Westside Gunn",
  "segment" : "Previously Active Listeners"
}, {
  "artistName" : "TDK",
  "segment" : "Previously Active Listeners"
}, {
  "artistName" : "Bomba Estéreo",
  "segment" : "Moderate listeners"
}, {
  "artistName" : "Poolside",
  "segment" : "Previously Active Listeners"
}, {
  "artistName" : "Sangre X Sangre",
  "segment" : "Previously Active Listeners"
}, {
  "artistName" : "Julia Wolf",
  "segment" : "Previously Active Listeners"
}, {
  "artistName" : "LYNY",
  "segment" : "Moderate listeners"
}, {
  "artistName" : "Daniela Romo",
  "segment" : "Previously Active Listeners"
}, {
  "artistName" : "El Haragán y Compañía",
  "segment" : "Previously Active Listeners"
}, {
  "artistName" : "Guido Craveiro",
  "segment" : "Previously Active Listeners"
}, {
  "artistName" : "Justin Morales",
  "segment" : "Previously Active Listeners"
}, {
  "artistName" : "Chuwi",
  "segment" : "Moderate listeners"
}, {
  "artistName" : "Armenta",
  "segment" : "Light listeners"
}, {
  "artistName" : "Jorge Hernández",
  "segment" : "Previously Active Listeners"
}, {
  "artistName" : "Tems",
  "segment" : "Previously Active Listeners"
}, {
  "artistName" : "HERNAN TREJO",
  "segment" : "Light listeners"
}, {
  "artistName" : "Curtis Harding",
  "segment" : "Previously Active Listeners"
}, {
  "artistName" : "Patsy Cline",
  "segment" : "Previously Active Listeners"
}, {
  "artistName" : "XTC",
  "segment" : "Previously Active Listeners"
}, {
  "artistName" : "Orchestral Manoeuvres In The Dark",
  "segment" : "Previously Active Listeners"
}, {
  "artistName" : "Kate Bush",
  "segment" : "Previously Active Listeners"
}, {
  "artistName" : "Los Invasores De Nuevo León",
  "segment" : "Previously Active Listeners"
}, {
  "artistName" : "Nick 13",
  "segment" : "Previously Active Listeners"
}, {
  "artistName" : "Malcolm Catto",
  "segment" : "Previously Active Listeners"
}, {
  "artistName" : "Planet Perfecto Knights",
  "segment" : "Previously Active Listeners"
}, {
  "artistName" : "Kino",
  "segment" : "Previously Active Listeners"
}, {
  "artistName" : "Yorghaki",
  "segment" : "Previously Active Listeners"
}, {
  "artistName" : "Grimes",
  "segment" : "Previously Active Listeners"
}, {
  "artistName" : "Thank",
  "segment" : "Previously Active Listeners"
}, {
  "artistName" : "INXS",
  "segment" : "Light listeners"
}, {
  "artistName" : "50 Cent",
  "segment" : "Previously Active Listeners"
}, {
  "artistName" : "EL DE LA TINTA",
  "segment" : "Previously Active Listeners"
}, {
  "artistName" : "Mecano",
  "segment" : "Previously Active Listeners"
}, {
  "artistName" : "成田 賢",
  "segment" : "Previously Active Listeners"
}, {
  "artistName" : "Azekel",
  "segment" : "Previously Active Listeners"
}, {
  "artistName" : "Kirsty Hawkshaw",
  "segment" : "Previously Active Listeners"
}, {
  "artistName" : "Protoje",
  "segment" : "Previously Active Listeners"
}, {
  "artistName" : "Joey Bada$$",
  "segment" : "Previously Active Listeners"
}, {
  "artistName" : "Tonny Tun Tun",
  "segment" : "Previously Active Listeners"
}, {
  "artistName" : "The Clientele",
  "segment" : "Previously Active Listeners"
}, {
  "artistName" : "Mike Shinoda",
  "segment" : "Previously Active Listeners"
}, {
  "artistName" : "Gorillaz",
  "segment" : "Previously Active Listeners"
}, {
  "artistName" : "Enayy",
  "segment" : "Previously Active Listeners"
}, {
  "artistName" : "Kabah",
  "segment" : "Previously Active Listeners"
}, {
  "artistName" : "Ivan Cornejo",
  "segment" : "Previously Active Listeners"
}, {
  "artistName" : "Rollins Band",
  "segment" : "Previously Active Listeners"
}, {
  "artistName" : "Pink Floyd",
  "segment" : "Previously Active Listeners"
}, {
  "artistName" : "The Blaze",
  "segment" : "Moderate listeners"
}, {
  "artistName" : "Marco Antonio Solís",
  "segment" : "Previously Active Listeners"
}, {
  "artistName" : "Yeyo",
  "segment" : "Previously Active Listeners"
}, {
  "artistName" : "Laura Leon",
  "segment" : "Previously Active Listeners"
}, {
  "artistName" : "Fyahbwoy",
  "segment" : "Previously Active Listeners"
}, {
  "artistName" : "Led Zeppelin",
  "segment" : "Light listeners"
}, {
  "artistName" : "Maldy",
  "segment" : "Previously Active Listeners"
}, {
  "artistName" : "Cartel De Santa",
  "segment" : "Previously Active Listeners"
}, {
  "artistName" : "TOOL",
  "segment" : "Previously Active Listeners"
}, {
  "artistName" : "Cian Ciarán",
  "segment" : "Previously Active Listeners"
}, {
  "artistName" : "Lunay",
  "segment" : "Previously Active Listeners"
}, {
  "artistName" : "Kasabian",
  "segment" : "Previously Active Listeners"
}, {
  "artistName" : "Khruangbin",
  "segment" : "Previously Active Listeners"
}, {
  "artistName" : "Ricardo Montaner",
  "segment" : "Previously Active Listeners"
}, {
  "artistName" : "Ovi",
  "segment" : "Previously Active Listeners"
}, {
  "artistName" : "Los Ángeles Azules",
  "segment" : "Light listeners"
}, {
  "artistName" : "Bob Dylan",
  "segment" : "Previously Active Listeners"
}, {
  "artistName" : "Neton Vega",
  "segment" : "Light listeners"
}, {
  "artistName" : "A Perfect Circle",
  "segment" : "Light listeners"
}, {
  "artistName" : "Cris MJ",
  "segment" : "Previously Active Listeners"
}, {
  "artistName" : "Sech",
  "segment" : "Light listeners"
}, {
  "artistName" : "Maluma",
  "segment" : "Light listeners"
}, {
  "artistName" : "Sussie 4",
  "segment" : "Previously Active Listeners"
}, {
  "artistName" : "Air",
  "segment" : "Previously Active Listeners"
}, {
  "artistName" : "Elvis Presley",
  "segment" : "Previously Active Listeners"
}, {
  "artistName" : "Linkin Park",
  "segment" : "Moderate listeners"
}, {
  "artistName" : "Young Miko",
  "segment" : "Moderate listeners"
}, {
  "artistName" : "Carl Cox",
  "segment" : "Previously Active Listeners"
}, {
  "artistName" : "Crystal Waters",
  "segment" : "Previously Active Listeners"
}, {
  "artistName" : "Olga Tañón",
  "segment" : "Previously Active Listeners"
}, {
  "artistName" : "Hector",
  "segment" : "Previously Active Listeners"
}, {
  "artistName" : "Eels",
  "segment" : "Previously Active Listeners"
}, {
  "artistName" : "Queens of the Stone Age",
  "segment" : "Moderate listeners"
}, {
  "artistName" : "The Postal Service",
  "segment" : "Previously Active Listeners"
}, {
  "artistName" : "Lil Yachty",
  "segment" : "Light listeners"
}, {
  "artistName" : "Kodak Black",
  "segment" : "Previously Active Listeners"
}, {
  "artistName" : "Chino Pacas",
  "segment" : "Light listeners"
}, {
  "artistName" : "Carlos Vives",
  "segment" : "Previously Active Listeners"
}, {
  "artistName" : "Badguychapo",
  "segment" : "Previously Active Listeners"
}, {
  "artistName" : "IDLES",
  "segment" : "Previously Active Listeners"
}, {
  "artistName" : "Los Gatos",
  "segment" : "Previously Active Listeners"
}, {
  "artistName" : "Ella Thompson",
  "segment" : "Previously Active Listeners"
}, {
  "artistName" : "HUNTR/X",
  "segment" : "Previously Active Listeners"
}, {
  "artistName" : "Santa Salut",
  "segment" : "Previously Active Listeners"
}, {
  "artistName" : "Hernan Cattaneo",
  "segment" : "Previously Active Listeners"
}, {
  "artistName" : "Grupo Cañaveral De Humberto Pabón",
  "segment" : "Previously Active Listeners"
}, {
  "artistName" : "Evidence",
  "segment" : "Previously Active Listeners"
}, {
  "artistName" : "Rihanna",
  "segment" : "Previously Active Listeners"
}, {
  "artistName" : "Groove Armada",
  "segment" : "Moderate listeners"
}, {
  "artistName" : "Admas",
  "segment" : "Light listeners"
}, {
  "artistName" : "Rauw Alejandro",
  "segment" : "Moderate listeners"
}, {
  "artistName" : "Jonaz",
  "segment" : "Previously Active Listeners"
}, {
  "artistName" : "Dan Solo",
  "segment" : "Previously Active Listeners"
}, {
  "artistName" : "The Notorious B.I.G.",
  "segment" : "Previously Active Listeners"
}, {
  "artistName" : "Portishead",
  "segment" : "Previously Active Listeners"
}, {
  "artistName" : "Marc Seguí",
  "segment" : "Previously Active Listeners"
}, {
  "artistName" : "RJD2",
  "segment" : "Previously Active Listeners"
}, {
  "artistName" : "Ricardo Arjona",
  "segment" : "Previously Active Listeners"
}, {
  "artistName" : "Wiz Khalifa",
  "segment" : "Previously Active Listeners"
}, {
  "artistName" : "Limp Bizkit",
  "segment" : "Previously Active Listeners"
}, {
  "artistName" : "Kany García",
  "segment" : "Light listeners"
}, {
  "artistName" : "Paul Oakenfold",
  "segment" : "Previously Active Listeners"
}, {
  "artistName" : "EDEN",
  "segment" : "Previously Active Listeners"
}, {
  "artistName" : "The Beatles",
  "segment" : "Previously Active Listeners"
}, {
  "artistName" : "Los Amigos Invisibles",
  "segment" : "Previously Active Listeners"
}, {
  "artistName" : "Justin Bieber",
  "segment" : "Previously Active Listeners"
}, {
  "artistName" : "LA LOM",
  "segment" : "Previously Active Listeners"
}, {
  "artistName" : "Interpol",
  "segment" : "Light listeners"
}, {
  "artistName" : "Pêtr Aleksänder",
  "segment" : "Previously Active Listeners"
}, {
  "artistName" : "Shaggy",
  "segment" : "Previously Active Listeners"
}, {
  "artistName" : "Overmono",
  "segment" : "Light listeners"
}, {
  "artistName" : "Kakkmaddafakka",
  "segment" : "Light listeners"
}, {
  "artistName" : "LOUKI",
  "segment" : "Previously Active Listeners"
}, {
  "artistName" : "RBD",
  "segment" : "Previously Active Listeners"
}, {
  "artistName" : "Band of Horses",
  "segment" : "Previously Active Listeners"
}, {
  "artistName" : "Baxter Dury",
  "segment" : "Previously Active Listeners"
}, {
  "artistName" : "Antonio Carmona",
  "segment" : "Previously Active Listeners"
}, {
  "artistName" : "Marshmello",
  "segment" : "Light listeners"
}, {
  "artistName" : "Mikel Erentxun",
  "segment" : "Previously Active Listeners"
}, {
  "artistName" : "The Maccabees",
  "segment" : "Previously Active Listeners"
}, {
  "artistName" : "La Casa Azul",
  "segment" : "Previously Active Listeners"
}, {
  "artistName" : "Robert D.",
  "segment" : "Previously Active Listeners"
}, {
  "artistName" : "Depeche Mode",
  "segment" : "Previously Active Listeners"
}, {
  "artistName" : "Villano Antillano",
  "segment" : "Previously Active Listeners"
}, {
  "artistName" : "MORGAN",
  "segment" : "Previously Active Listeners"
}, {
  "artistName" : "Mentiras: La Serie",
  "segment" : "Light listeners"
}, {
  "artistName" : "James Blake",
  "segment" : "Previously Active Listeners"
}, {
  "artistName" : "Oscar Maydon",
  "segment" : "Light listeners"
}, {
  "artistName" : "Dj Hate",
  "segment" : "Previously Active Listeners"
}, {
  "artistName" : "311",
  "segment" : "Previously Active Listeners"
}, {
  "artistName" : "PJ Harvey",
  "segment" : "Previously Active Listeners"
}, {
  "artistName" : "Charly García",
  "segment" : "Previously Active Listeners"
}, {
  "artistName" : "Unknown Mortal Orchestra",
  "segment" : "Previously Active Listeners"
}, {
  "artistName" : "Proyecto Uno",
  "segment" : "Previously Active Listeners"
}, {
  "artistName" : "Farruko",
  "segment" : "Light listeners"
}, {
  "artistName" : "Kourosh Yaghmaei",
  "segment" : "Previously Active Listeners"
}, {
  "artistName" : "Layo & Bushwacka!",
  "segment" : "Previously Active Listeners"
}, {
  "artistName" : "Future",
  "segment" : "Previously Active Listeners"
}, {
  "artistName" : "Tombochio",
  "segment" : "Previously Active Listeners"
}, {
  "artistName" : "Maria Becerra",
  "segment" : "Previously Active Listeners"
}, {
  "artistName" : "Billy Paul",
  "segment" : "Previously Active Listeners"
}, {
  "artistName" : "Nsqk",
  "segment" : "Previously Active Listeners"
}, {
  "artistName" : "Los Dareyes De La Sierra",
  "segment" : "Light listeners"
}, {
  "artistName" : "Kae Tempest",
  "segment" : "Previously Active Listeners"
}, {
  "artistName" : "Widespread Panic",
  "segment" : "Previously Active Listeners"
}, {
  "artistName" : "Neil Diamond",
  "segment" : "Previously Active Listeners"
}, {
  "artistName" : "El Malilla",
  "segment" : "Previously Active Listeners"
}, {
  "artistName" : "James Brown",
  "segment" : "Previously Active Listeners"
}, {
  "artistName" : "Victor Cibrian",
  "segment" : "Previously Active Listeners"
}, {
  "artistName" : "Travis Scott",
  "segment" : "Previously Active Listeners"
}, {
  "artistName" : "Channel Tres",
  "segment" : "Previously Active Listeners"
}, {
  "artistName" : "Terror",
  "segment" : "Previously Active Listeners"
}, {
  "artistName" : "The Association",
  "segment" : "Previously Active Listeners"
}, {
  "artistName" : "Françoise Hardy",
  "segment" : "Previously Active Listeners"
}, {
  "artistName" : "Tom Petty",
  "segment" : "Previously Active Listeners"
}, {
  "artistName" : "El Poder Del Norte",
  "segment" : "Previously Active Listeners"
}, {
  "artistName" : "Nate Traveller",
  "segment" : "Previously Active Listeners"
}, {
  "artistName" : "Supercontinent",
  "segment" : "Previously Active Listeners"
}, {
  "artistName" : "Cardi B",
  "segment" : "Previously Active Listeners"
}, {
  "artistName" : "Audioslave",
  "segment" : "Previously Active Listeners"
}, {
  "artistName" : "Kali Uchis",
  "segment" : "Previously Active Listeners"
}, {
  "artistName" : "Tame Impala",
  "segment" : "Light listeners"
}, {
  "artistName" : "The Police",
  "segment" : "Previously Active Listeners"
}, {
  "artistName" : "The Bravery",
  "segment" : "Previously Active Listeners"
}, {
  "artistName" : "Bone Thugs-N-Harmony",
  "segment" : "Previously Active Listeners"
}, {
  "artistName" : "Audio Bullys",
  "segment" : "Previously Active Listeners"
}, {
  "artistName" : "Requinto Humilde",
  "segment" : "Previously Active Listeners"
}, {
  "artistName" : "Shing02",
  "segment" : "Previously Active Listeners"
}, {
  "artistName" : "Los Yaguarú",
  "segment" : "Previously Active Listeners"
}, {
  "artistName" : "Robbie Williams",
  "segment" : "Previously Active Listeners"
}, {
  "artistName" : "Hole",
  "segment" : "Light listeners"
}, {
  "artistName" : "Ovy On The Drums",
  "segment" : "Previously Active Listeners"
}, {
  "artistName" : "Najat Aatabou",
  "segment" : "Previously Active Listeners"
}, {
  "artistName" : "LAGOS",
  "segment" : "Previously Active Listeners"
}, {
  "artistName" : "Mercedes Nasta",
  "segment" : "Previously Active Listeners"
}, {
  "artistName" : "Eyedress",
  "segment" : "Previously Active Listeners"
}, {
  "artistName" : "Raffaella Carrà",
  "segment" : "Previously Active Listeners"
}, {
  "artistName" : "Daniel Luna",
  "segment" : "Previously Active Listeners"
}, {
  "artistName" : "Weezer",
  "segment" : "Light listeners"
}, {
  "artistName" : "Pulp",
  "segment" : "Previously Active Listeners"
}, {
  "artistName" : "Uzielito Mix",
  "segment" : "Previously Active Listeners"
}, {
  "artistName" : "Aaron Frazer",
  "segment" : "Previously Active Listeners"
}, {
  "artistName" : "Grupo Carabo",
  "segment" : "Previously Active Listeners"
}, {
  "artistName" : "Devilish Trio",
  "segment" : "Previously Active Listeners"
}, {
  "artistName" : "Emilia",
  "segment" : "Previously Active Listeners"
}, {
  "artistName" : "October Dogs",
  "segment" : "Previously Active Listeners"
}, {
  "artistName" : "Röyksopp",
  "segment" : "Previously Active Listeners"
}, {
  "artistName" : "Magdalena Bay",
  "segment" : "Previously Active Listeners"
}, {
  "artistName" : "The xx",
  "segment" : "Previously Active Listeners"
}, {
  "artistName" : "Yes",
  "segment" : "Previously Active Listeners"
}, {
  "artistName" : "Black Thought",
  "segment" : "Previously Active Listeners"
}, {
  "artistName" : "José González",
  "segment" : "Previously Active Listeners"
}, {
  "artistName" : "Grupo Clasificado",
  "segment" : "Previously Active Listeners"
}, {
  "artistName" : "Quantic",
  "segment" : "Previously Active Listeners"
}, {
  "artistName" : "Thalia",
  "segment" : "Previously Active Listeners"
}, {
  "artistName" : "K-OS",
  "segment" : "Previously Active Listeners"
}, {
  "artistName" : "Sparklehorse",
  "segment" : "Light listeners"
}, {
  "artistName" : "The Holydrug Couple",
  "segment" : "Previously Active Listeners"
}, {
  "artistName" : "Jerry Coke",
  "segment" : "Previously Active Listeners"
}, {
  "artistName" : "DJ Tiesto",
  "segment" : "Previously Active Listeners"
}, {
  "artistName" : "Gabriel & Dresden",
  "segment" : "Previously Active Listeners"
}, {
  "artistName" : "Foreigner",
  "segment" : "Light listeners"
}, {
  "artistName" : "Wheatus",
  "segment" : "Previously Active Listeners"
}, {
  "artistName" : "Monchy & Alexandra",
  "segment" : "Previously Active Listeners"
}, {
  "artistName" : "Pablo Milanés",
  "segment" : "Previously Active Listeners"
}, {
  "artistName" : "Dan Sanchez",
  "segment" : "Light listeners"
}, {
  "artistName" : "Yeat",
  "segment" : "Previously Active Listeners"
}, {
  "artistName" : "Trampled by Turtles",
  "segment" : "Previously Active Listeners"
}, {
  "artistName" : "Gordo",
  "segment" : "Previously Active Listeners"
}, {
  "artistName" : "Los Mirlos",
  "segment" : "Previously Active Listeners"
}, {
  "artistName" : "Andrew Weatherall",
  "segment" : "Previously Active Listeners"
}, {
  "artistName" : "Mobb Deep",
  "segment" : "Previously Active Listeners"
}, {
  "artistName" : "Cream",
  "segment" : "Previously Active Listeners"
}, {
  "artistName" : "Lorde",
  "segment" : "Previously Active Listeners"
}, {
  "artistName" : "Datarock",
  "segment" : "Previously Active Listeners"
}, {
  "artistName" : "Toquinho",
  "segment" : "Previously Active Listeners"
}, {
  "artistName" : "Plaqueboymax",
  "segment" : "Moderate listeners"
}, {
  "artistName" : "Ed Maverick",
  "segment" : "Previously Active Listeners"
}, {
  "artistName" : "Rob49",
  "segment" : "Previously Active Listeners"
}, {
  "artistName" : "Childish Gambino",
  "segment" : "Previously Active Listeners"
}, {
  "artistName" : "The Primitive Painter",
  "segment" : "Light listeners"
}, {
  "artistName" : "Alaska Y Dinarama",
  "segment" : "Previously Active Listeners"
}, {
  "artistName" : "Sean Paul",
  "segment" : "Previously Active Listeners"
}, {
  "artistName" : "The Streets",
  "segment" : "Previously Active Listeners"
}, {
  "artistName" : "Grandmaster Flash & The Furious Five",
  "segment" : "Previously Active Listeners"
}, {
  "artistName" : "Alfa Mist",
  "segment" : "Previously Active Listeners"
}, {
  "artistName" : "The Weeknd",
  "segment" : "Previously Active Listeners"
}, {
  "artistName" : "Chromeo",
  "segment" : "Light listeners"
}, {
  "artistName" : "Guns N' Roses",
  "segment" : "Previously Active Listeners"
}, {
  "artistName" : "Peter Frampton",
  "segment" : "Previously Active Listeners"
}, {
  "artistName" : "Yaviah",
  "segment" : "Light listeners"
}, {
  "artistName" : "Los Encargados",
  "segment" : "Previously Active Listeners"
}, {
  "artistName" : "Kendrick Lamar",
  "segment" : "Previously Active Listeners"
}, {
  "artistName" : "Hello Seahorse!",
  "segment" : "Moderate listeners"
}, {
  "artistName" : "Ramesh",
  "segment" : "Previously Active Listeners"
}, {
  "artistName" : "Carlos Pérez",
  "segment" : "Previously Active Listeners"
}, {
  "artistName" : "Jorsshh",
  "segment" : "Previously Active Listeners"
}, {
  "artistName" : "Boards of Canada",
  "segment" : "Light listeners"
}, {
  "artistName" : "The Stranglers",
  "segment" : "Previously Active Listeners"
}, {
  "artistName" : "Angel Y Khriz",
  "segment" : "Light listeners"
}, {
  "artistName" : "Steve Aoki",
  "segment" : "Previously Active Listeners"
}, {
  "artistName" : "Majid Jordan",
  "segment" : "Previously Active Listeners"
}, {
  "artistName" : "Dr. Dre",
  "segment" : "Previously Active Listeners"
}, {
  "artistName" : "Tiger Army",
  "segment" : "Previously Active Listeners"
}, {
  "artistName" : "Lady Gaga",
  "segment" : "Previously Active Listeners"
}, {
  "artistName" : "Joaquín Sabina",
  "segment" : "Previously Active Listeners"
}, {
  "artistName" : "Leo Dan",
  "segment" : "Previously Active Listeners"
}, {
  "artistName" : "Mind Enterprises",
  "segment" : "Previously Active Listeners"
}, {
  "artistName" : "Junior H",
  "segment" : "Super Listeners"
}, {
  "artistName" : "Electric Youth",
  "segment" : "Previously Active Listeners"
}, {
  "artistName" : "U2",
  "segment" : "Previously Active Listeners"
}, {
  "artistName" : "Deee-Lite",
  "segment" : "Previously Active Listeners"
}, {
  "artistName" : "Juicy J",
  "segment" : "Previously Active Listeners"
}, {
  "artistName" : "Placebo",
  "segment" : "Light listeners"
}, {
  "artistName" : "ToteKing",
  "segment" : "Previously Active Listeners"
}, {
  "artistName" : "Dermot Kennedy",
  "segment" : "Previously Active Listeners"
}, {
  "artistName" : "Grupo Marca Registrada",
  "segment" : "Previously Active Listeners"
}, {
  "artistName" : "The Mars Volta",
  "segment" : "Previously Active Listeners"
}, {
  "artistName" : "Pavement",
  "segment" : "Previously Active Listeners"
}, {
  "artistName" : "Caifanes",
  "segment" : "Previously Active Listeners"
}, {
  "artistName" : "ScHoolboy Q",
  "segment" : "Previously Active Listeners"
}, {
  "artistName" : "Kaya Thomas-Dyke",
  "segment" : "Previously Active Listeners"
}, {
  "artistName" : "Xavi",
  "segment" : "Previously Active Listeners"
}, {
  "artistName" : "Mustard",
  "segment" : "Previously Active Listeners"
}, {
  "artistName" : "ERA",
  "segment" : "Previously Active Listeners"
}, {
  "artistName" : "Lalo Ebratt",
  "segment" : "Light listeners"
}, {
  "artistName" : "Beach House",
  "segment" : "Previously Active Listeners"
}, {
  "artistName" : "The Alchemist",
  "segment" : "Previously Active Listeners"
}, {
  "artistName" : "José Feliciano",
  "segment" : "Previously Active Listeners"
}, {
  "artistName" : "Apollo Brown",
  "segment" : "Previously Active Listeners"
}, {
  "artistName" : "YOSHI",
  "segment" : "Light listeners"
}, {
  "artistName" : "The Psychedelic Furs",
  "segment" : "Previously Active Listeners"
}, {
  "artistName" : "Billy & The Kids",
  "segment" : "Previously Active Listeners"
}, {
  "artistName" : "HEALTH",
  "segment" : "Previously Active Listeners"
}, {
  "artistName" : "Trueno",
  "segment" : "Previously Active Listeners"
}, {
  "artistName" : "Violent Femmes",
  "segment" : "Previously Active Listeners"
}, {
  "artistName" : "El Michels Affair",
  "segment" : "Previously Active Listeners"
}, {
  "artistName" : "Jacob Banks",
  "segment" : "Previously Active Listeners"
}, {
  "artistName" : "Concorde",
  "segment" : "Previously Active Listeners"
}, {
  "artistName" : "The Blessed Madonna",
  "segment" : "Light listeners"
}, {
  "artistName" : "Gloria Estefan",
  "segment" : "Previously Active Listeners"
}, {
  "artistName" : "The Knife",
  "segment" : "Light listeners"
}, {
  "artistName" : "Esau Ortiz",
  "segment" : "Previously Active Listeners"
}, {
  "artistName" : "Ludwig Göransson",
  "segment" : "Previously Active Listeners"
}, {
  "artistName" : "The Beta Band",
  "segment" : "Previously Active Listeners"
}, {
  "artistName" : "Banda Pequeños Musical",
  "segment" : "Previously Active Listeners"
}, {
  "artistName" : "Chronixx",
  "segment" : "Previously Active Listeners"
}, {
  "artistName" : "Aitana",
  "segment" : "Previously Active Listeners"
}, {
  "artistName" : "NATTI NATASHA",
  "segment" : "Previously Active Listeners"
}, {
  "artistName" : "KEVVO",
  "segment" : "Previously Active Listeners"
}, {
  "artistName" : "DJ Snake",
  "segment" : "Previously Active Listeners"
}, {
  "artistName" : "Michael Kiwanuka",
  "segment" : "Previously Active Listeners"
}, {
  "artistName" : "TOBi",
  "segment" : "Previously Active Listeners"
}, {
  "artistName" : "At the Drive-In",
  "segment" : "Previously Active Listeners"
}, {
  "artistName" : "Jose Padilla",
  "segment" : "Previously Active Listeners"
}, {
  "artistName" : "Vincenzo",
  "segment" : "Previously Active Listeners"
}, {
  "artistName" : "Garbage",
  "segment" : "Previously Active Listeners"
}, {
  "artistName" : "Sabrina Carpenter",
  "segment" : "Previously Active Listeners"
}, {
  "artistName" : "Astrud Gardener",
  "segment" : "Previously Active Listeners"
}, {
  "artistName" : "The Stone Roses",
  "segment" : "Light listeners"
}, {
  "artistName" : "Hailu Mergia",
  "segment" : "Previously Active Listeners"
}, {
  "artistName" : "BADBADNOTGOOD",
  "segment" : "Previously Active Listeners"
}, {
  "artistName" : "Althea And Donna",
  "segment" : "Previously Active Listeners"
}, {
  "artistName" : "David Grisman",
  "segment" : "Previously Active Listeners"
}, {
  "artistName" : "Delux",
  "segment" : "Previously Active Listeners"
}, {
  "artistName" : "Lucía Méndez",
  "segment" : "Previously Active Listeners"
}, {
  "artistName" : "Peso Pluma",
  "segment" : "Moderate listeners"
}, {
  "artistName" : "The ClubCasa Chamber Orchestra",
  "segment" : "Previously Active Listeners"
}, {
  "artistName" : "La Ley",
  "segment" : "Previously Active Listeners"
}, {
  "artistName" : "Fischerspooner",
  "segment" : "Previously Active Listeners"
}, {
  "artistName" : "Sam Smith",
  "segment" : "Previously Active Listeners"
}, {
  "artistName" : "Machines Of Loving Grace",
  "segment" : "Previously Active Listeners"
}, {
  "artistName" : "Barry White",
  "segment" : "Previously Active Listeners"
}, {
  "artistName" : "Johann Sebastian Bach",
  "segment" : "Previously Active Listeners"
}, {
  "artistName" : "Pop Smoke",
  "segment" : "Previously Active Listeners"
}, {
  "artistName" : "Ice Cube",
  "segment" : "Previously Active Listeners"
}, {
  "artistName" : "Maceo Plex",
  "segment" : "Previously Active Listeners"
}, {
  "artistName" : "Korn",
  "segment" : "Previously Active Listeners"
}, {
  "artistName" : "El Bogueto",
  "segment" : "Light listeners"
}, {
  "artistName" : "TV Girl",
  "segment" : "Previously Active Listeners"
}, {
  "artistName" : "Brian Eno",
  "segment" : "Previously Active Listeners"
}, {
  "artistName" : "Paulina Rubio",
  "segment" : "Previously Active Listeners"
}, {
  "artistName" : "Dame D.O.L.L.A",
  "segment" : "Previously Active Listeners"
}, {
  "artistName" : "Visage",
  "segment" : "Previously Active Listeners"
}, {
  "artistName" : "Javier Solís",
  "segment" : "Previously Active Listeners"
}, {
  "artistName" : "Ricky Martin",
  "segment" : "Previously Active Listeners"
}, {
  "artistName" : "Maná",
  "segment" : "Previously Active Listeners"
}, {
  "artistName" : "Scissor Sisters",
  "segment" : "Previously Active Listeners"
}, {
  "artistName" : "Yung Bae",
  "segment" : "Previously Active Listeners"
}, {
  "artistName" : "Major Lazer",
  "segment" : "Previously Active Listeners"
}, {
  "artistName" : "Chino Pacas",
  "segment" : "Previously Active Listeners"
}, {
  "artistName" : "Juanpa Salazar",
  "segment" : "Previously Active Listeners"
}, {
  "artistName" : "Chayanne",
  "segment" : "Previously Active Listeners"
}, {
  "artistName" : "Johnny Cash",
  "segment" : "Light listeners"
}, {
  "artistName" : "Disco Ruido",
  "segment" : "Previously Active Listeners"
}, {
  "artistName" : "Siouxsie and the Banshees",
  "segment" : "Previously Active Listeners"
}, {
  "artistName" : "Massive Attack",
  "segment" : "Previously Active Listeners"
}, {
  "artistName" : "Fela Kuti",
  "segment" : "Previously Active Listeners"
}, {
  "artistName" : "The Invaders",
  "segment" : "Previously Active Listeners"
}, {
  "artistName" : "The Rolling Stones",
  "segment" : "Light listeners"
}, {
  "artistName" : "Glows",
  "segment" : "Previously Active Listeners"
}, {
  "artistName" : "Cults",
  "segment" : "Previously Active Listeners"
}, {
  "artistName" : "Arianna",
  "segment" : "Previously Active Listeners"
}, {
  "artistName" : "Rocío Dúrcal",
  "segment" : "Light listeners"
}, {
  "artistName" : "FloyyMenor",
  "segment" : "Previously Active Listeners"
}, {
  "artistName" : "el gran otro",
  "segment" : "Previously Active Listeners"
}, {
  "artistName" : "Danger Mouse",
  "segment" : "Light listeners"
}, {
  "artistName" : "*NSYNC",
  "segment" : "Previously Active Listeners"
}, {
  "artistName" : "The Doors",
  "segment" : "Previously Active Listeners"
}, {
  "artistName" : "Denzel Curry",
  "segment" : "Moderate listeners"
}, {
  "artistName" : "Natos y Waor",
  "segment" : "Previously Active Listeners"
}, {
  "artistName" : "Phonkmasta",
  "segment" : "Previously Active Listeners"
}, {
  "artistName" : "Grupo Kual?",
  "segment" : "Previously Active Listeners"
}, {
  "artistName" : "Yung Beef",
  "segment" : "Light listeners"
}, {
  "artistName" : "Sunken Screens",
  "segment" : "Previously Active Listeners"
}, {
  "artistName" : "Orquesta Aragón",
  "segment" : "Previously Active Listeners"
}, {
  "artistName" : "José Luis Rodríguez",
  "segment" : "Previously Active Listeners"
}, {
  "artistName" : "Metric",
  "segment" : "Previously Active Listeners"
}, {
  "artistName" : "Tatiana",
  "segment" : "Previously Active Listeners"
}, {
  "artistName" : "Handsome Boy Modeling School",
  "segment" : "Previously Active Listeners"
}, {
  "artistName" : "Electric Guest",
  "segment" : "Previously Active Listeners"
}, {
  "artistName" : "UB40",
  "segment" : "Previously Active Listeners"
}, {
  "artistName" : "Nu",
  "segment" : "Previously Active Listeners"
}, {
  "artistName" : "J Alvarez",
  "segment" : "Light listeners"
}, {
  "artistName" : "Young Cister",
  "segment" : "Previously Active Listeners"
}, {
  "artistName" : "DJ Babu",
  "segment" : "Previously Active Listeners"
}, {
  "artistName" : "Purple Disco Machine",
  "segment" : "Previously Active Listeners"
}, {
  "artistName" : "SLIFT",
  "segment" : "Previously Active Listeners"
}, {
  "artistName" : "Dj Rockwel Mx",
  "segment" : "Previously Active Listeners"
}, {
  "artistName" : "Cachirula",
  "segment" : "Previously Active Listeners"
}, {
  "artistName" : "Cash Cobain",
  "segment" : "Previously Active Listeners"
}, {
  "artistName" : "Mark Ronson",
  "segment" : "Previously Active Listeners"
}, {
  "artistName" : "Zion & Lennox",
  "segment" : "Light listeners"
}, {
  "artistName" : "SahBabii",
  "segment" : "Previously Active Listeners"
}, {
  "artistName" : "Pandora",
  "segment" : "Previously Active Listeners"
}, {
  "artistName" : "Metronomy",
  "segment" : "Previously Active Listeners"
}, {
  "artistName" : "The Isley Brothers",
  "segment" : "Previously Active Listeners"
}, {
  "artistName" : "THE SCOTTS",
  "segment" : "Previously Active Listeners"
}, {
  "artistName" : "Britney Spears",
  "segment" : "Previously Active Listeners"
}, {
  "artistName" : "Volován",
  "segment" : "Previously Active Listeners"
}, {
  "artistName" : "The Marías",
  "segment" : "Light listeners"
}, {
  "artistName" : "Swayzak",
  "segment" : "Previously Active Listeners"
}, {
  "artistName" : "Stone Temple Pilots",
  "segment" : "Light listeners"
}, {
  "artistName" : "Hallie Coggins",
  "segment" : "Light listeners"
}, {
  "artistName" : "Neil Young",
  "segment" : "Previously Active Listeners"
}, {
  "artistName" : "The Prodigy",
  "segment" : "Previously Active Listeners"
}, {
  "artistName" : "The Avalanches",
  "segment" : "Previously Active Listeners"
}, {
  "artistName" : "Garibaldi",
  "segment" : "Previously Active Listeners"
}, {
  "artistName" : "Monophonics",
  "segment" : "Previously Active Listeners"
}, {
  "artistName" : "Madonna",
  "segment" : "Previously Active Listeners"
}, {
  "artistName" : "Wisin",
  "segment" : "Light listeners"
}, {
  "artistName" : "James",
  "segment" : "Previously Active Listeners"
}, {
  "artistName" : "Hikaru Utada",
  "segment" : "Previously Active Listeners"
}, {
  "artistName" : "Julian Casablancas",
  "segment" : "Previously Active Listeners"
}, {
  "artistName" : "Knxwledge",
  "segment" : "Previously Active Listeners"
}, {
  "artistName" : "Jane's Addiction",
  "segment" : "Previously Active Listeners"
}, {
  "artistName" : "Blanco",
  "segment" : "Light listeners"
}, {
  "artistName" : "Ken-Y",
  "segment" : "Light listeners"
}, {
  "artistName" : "Khalid",
  "segment" : "Previously Active Listeners"
}, {
  "artistName" : "El Komander",
  "segment" : "Previously Active Listeners"
}, {
  "artistName" : "Buzzcocks",
  "segment" : "Previously Active Listeners"
}, {
  "artistName" : "Lionel Richie",
  "segment" : "Previously Active Listeners"
}, {
  "artistName" : "Wu-Tang Clan",
  "segment" : "Previously Active Listeners"
}, {
  "artistName" : "Sebastian Yatra",
  "segment" : "Previously Active Listeners"
}, {
  "artistName" : "Bellakath",
  "segment" : "Previously Active Listeners"
}, {
  "artistName" : "Blood Orange",
  "segment" : "Previously Active Listeners"
}, {
  "artistName" : "The Jewish Starlight Orchestra",
  "segment" : "Previously Active Listeners"
}, {
  "artistName" : "Black Eyed Peas",
  "segment" : "Previously Active Listeners"
}, {
  "artistName" : "Alfredo Olivas",
  "segment" : "Previously Active Listeners"
}, {
  "artistName" : "Crowded House",
  "segment" : "Previously Active Listeners"
}, {
  "artistName" : "Jay Wheeler",
  "segment" : "Light listeners"
}, {
  "artistName" : "Fuerza Regida",
  "segment" : "Moderate listeners"
}, {
  "artistName" : "Carlos Ponce",
  "segment" : "Previously Active Listeners"
}, {
  "artistName" : "Tex Crick",
  "segment" : "Previously Active Listeners"
}, {
  "artistName" : "SOMMA",
  "segment" : "Previously Active Listeners"
}, {
  "artistName" : "Luis Fonsi",
  "segment" : "Previously Active Listeners"
}, {
  "artistName" : "Baby Keem",
  "segment" : "Light listeners"
}, {
  "artistName" : "Swae Lee",
  "segment" : "Previously Active Listeners"
}, {
  "artistName" : "Arctic Monkeys",
  "segment" : "Previously Active Listeners"
}, {
  "artistName" : "Edgardo Nuñez",
  "segment" : "Previously Active Listeners"
}, {
  "artistName" : "Vendredi sur Mer",
  "segment" : "Previously Active Listeners"
}, {
  "artistName" : "KPop Demon Hunters Cast",
  "segment" : "Previously Active Listeners"
}, {
  "artistName" : "Space Laces",
  "segment" : "Previously Active Listeners"
}, {
  "artistName" : "Don Toliver",
  "segment" : "Previously Active Listeners"
}, {
  "artistName" : "Luis Miguel",
  "segment" : "Previously Active Listeners"
}, {
  "artistName" : "CA7RIEL & Paco Amoroso",
  "segment" : "Light listeners"
}, {
  "artistName" : "The Smiths",
  "segment" : "Light listeners"
}, {
  "artistName" : "Alfredo Gutierrez",
  "segment" : "Previously Active Listeners"
}, {
  "artistName" : "Altin Gün",
  "segment" : "Previously Active Listeners"
}, {
  "artistName" : "Warhaus",
  "segment" : "Previously Active Listeners"
}, {
  "artistName" : "Paul Sabin",
  "segment" : "Previously Active Listeners"
}, {
  "artistName" : "PARTYNEXTDOOR",
  "segment" : "Previously Active Listeners"
}, {
  "artistName" : "Coldplay",
  "segment" : "Previously Active Listeners"
}, {
  "artistName" : "Julieta Venegas",
  "segment" : "Previously Active Listeners"
}, {
  "artistName" : "ProdMarvin",
  "segment" : "Previously Active Listeners"
}, {
  "artistName" : "SAULT",
  "segment" : "Previously Active Listeners"
}, {
  "artistName" : "Smiley",
  "segment" : "Previously Active Listeners"
}, {
  "artistName" : "Ed Sheeran",
  "segment" : "Previously Active Listeners"
}, {
  "artistName" : "VV Brujo",
  "segment" : "Previously Active Listeners"
}, {
  "artistName" : "GoldLink",
  "segment" : "Previously Active Listeners"
}, {
  "artistName" : "Symarip",
  "segment" : "Previously Active Listeners"
}, {
  "artistName" : "Jack Harlow",
  "segment" : "Previously Active Listeners"
}, {
  "artistName" : "Tall Mary",
  "segment" : "Previously Active Listeners"
}, {
  "artistName" : "Regina Blandón",
  "segment" : "Light listeners"
}, {
  "artistName" : "Eslabon Armado",
  "segment" : "Previously Active Listeners"
}, {
  "artistName" : "Jeff Buckley",
  "segment" : "Previously Active Listeners"
}, {
  "artistName" : "Post Malone",
  "segment" : "Previously Active Listeners"
}, {
  "artistName" : "The Basement Boys",
  "segment" : "Previously Active Listeners"
}, {
  "artistName" : "ROSALÍA",
  "segment" : "Light listeners"
}, {
  "artistName" : "Passion Pit",
  "segment" : "Previously Active Listeners"
}, {
  "artistName" : "Tony Aguirre",
  "segment" : "Previously Active Listeners"
}, {
  "artistName" : "Kings of Leon",
  "segment" : "Previously Active Listeners"
}, {
  "artistName" : "Lil Uzi Vert",
  "segment" : "Previously Active Listeners"
}, {
  "artistName" : "Casper Magico",
  "segment" : "Previously Active Listeners"
}, {
  "artistName" : "Zoé",
  "segment" : "Super Listeners"
}, {
  "artistName" : "Protomartyr",
  "segment" : "Previously Active Listeners"
}, {
  "artistName" : "Bob Weir",
  "segment" : "Previously Active Listeners"
}, {
  "artistName" : "Chencho Corleone",
  "segment" : "Moderate listeners"
}, {
  "artistName" : "Dry Cleaning",
  "segment" : "Previously Active Listeners"
}, {
  "artistName" : "Sentidos Apuestos",
  "segment" : "Light listeners"
}, {
  "artistName" : "Pixies",
  "segment" : "Light listeners"
}, {
  "artistName" : "Rico Rosa",
  "segment" : "Previously Active Listeners"
}, {
  "artistName" : "Parcels",
  "segment" : "Previously Active Listeners"
}, {
  "artistName" : "boom boom kid",
  "segment" : "Light listeners"
}, {
  "artistName" : "Jung Kook",
  "segment" : "Previously Active Listeners"
}, {
  "artistName" : "Train",
  "segment" : "Previously Active Listeners"
}, {
  "artistName" : "Tyla",
  "segment" : "Previously Active Listeners"
}, {
  "artistName" : "Simba Musical",
  "segment" : "Previously Active Listeners"
}, {
  "artistName" : "Happy Mondays",
  "segment" : "Previously Active Listeners"
}, {
  "artistName" : "Nutrition",
  "segment" : "Previously Active Listeners"
}, {
  "artistName" : "Lil Durk",
  "segment" : "Previously Active Listeners"
}, {
  "artistName" : "Lucero",
  "segment" : "Previously Active Listeners"
}, {
  "artistName" : "Viktor Tsoi",
  "segment" : "Previously Active Listeners"
}, {
  "artistName" : "Nacha Pop",
  "segment" : "Previously Active Listeners"
}, {
  "artistName" : "Gesaffelstein",
  "segment" : "Previously Active Listeners"
}, {
  "artistName" : "Anahí",
  "segment" : "Previously Active Listeners"
}, {
  "artistName" : "SFDK",
  "segment" : "Previously Active Listeners"
}, {
  "artistName" : "The Temper Trap",
  "segment" : "Previously Active Listeners"
}, {
  "artistName" : "The Smashing Pumpkins",
  "segment" : "Moderate listeners"
}, {
  "artistName" : "The Cranberries",
  "segment" : "Light listeners"
}, {
  "artistName" : "Cali Life Style",
  "segment" : "Previously Active Listeners"
}, {
  "artistName" : "Diego Garcia",
  "segment" : "Previously Active Listeners"
}, {
  "artistName" : "Belanova",
  "segment" : "Previously Active Listeners"
}, {
  "artistName" : "SoFaygo",
  "segment" : "Previously Active Listeners"
}, {
  "artistName" : "Love of Lesbian",
  "segment" : "Previously Active Listeners"
}, {
  "artistName" : "Juan Luis Guerra 4.40",
  "segment" : "Previously Active Listeners"
}, {
  "artistName" : "Noriel",
  "segment" : "Previously Active Listeners"
}, {
  "artistName" : "Atmosphere",
  "segment" : "Previously Active Listeners"
}, {
  "artistName" : "Fatboy Slim",
  "segment" : "Previously Active Listeners"
}, {
  "artistName" : "Young Nudy",
  "segment" : "Previously Active Listeners"
}, {
  "artistName" : "New Order",
  "segment" : "Light listeners"
}, {
  "artistName" : "Gipsy Kings",
  "segment" : "Previously Active Listeners"
}, {
  "artistName" : "Warpaint",
  "segment" : "Previously Active Listeners"
}, {
  "artistName" : "Paco ¥",
  "segment" : "Previously Active Listeners"
}, {
  "artistName" : "Polo & Pan",
  "segment" : "Previously Active Listeners"
}, {
  "artistName" : "Sin Bandera",
  "segment" : "Previously Active Listeners"
}, {
  "artistName" : "RØZ",
  "segment" : "Previously Active Listeners"
}, {
  "artistName" : "Nick Cave & The Bad Seeds",
  "segment" : "Previously Active Listeners"
}, {
  "artistName" : "Elenco De Eterna Navidad",
  "segment" : "Previously Active Listeners"
}, {
  "artistName" : "Tito Torbellino Jr",
  "segment" : "Light listeners"
}, {
  "artistName" : "Amilkar Galaviz",
  "segment" : "Light listeners"
}, {
  "artistName" : "Sofia Monroy",
  "segment" : "Previously Active Listeners"
}, {
  "artistName" : "Grupo Santa Cecilia",
  "segment" : "Previously Active Listeners"
}, {
  "artistName" : "Carmen Rizzo",
  "segment" : "Previously Active Listeners"
}, {
  "artistName" : "Beth Ditto",
  "segment" : "Previously Active Listeners"
}, {
  "artistName" : "Franc Moody",
  "segment" : "Previously Active Listeners"
}, {
  "artistName" : "The Walias",
  "segment" : "Previously Active Listeners"
}, {
  "artistName" : "Maldita Vecindad Y Los Hijos Del 5to. Patio",
  "segment" : "Previously Active Listeners"
}, {
  "artistName" : "María José",
  "segment" : "Previously Active Listeners"
}, {
  "artistName" : "Ben Howard",
  "segment" : "Previously Active Listeners"
}, {
  "artistName" : "Piso 21",
  "segment" : "Previously Active Listeners"
}, {
  "artistName" : "Talisto",
  "segment" : "Previously Active Listeners"
}, {
  "artistName" : "Rayito Colombiano",
  "segment" : "Previously Active Listeners"
}, {
  "artistName" : "moe.",
  "segment" : "Previously Active Listeners"
}, {
  "artistName" : "Charli xcx",
  "segment" : "Previously Active Listeners"
}, {
  "artistName" : "Capo",
  "segment" : "Previously Active Listeners"
}, {
  "artistName" : "Frank Ocean",
  "segment" : "Previously Active Listeners"
}, {
  "artistName" : "A$AP Rocky",
  "segment" : "Previously Active Listeners"
}, {
  "artistName" : "Project Pat",
  "segment" : "Previously Active Listeners"
}, {
  "artistName" : "Acayouman",
  "segment" : "Previously Active Listeners"
}, {
  "artistName" : "The Chemical Brothers",
  "segment" : "Previously Active Listeners"
}, {
  "artistName" : "El Gran Silencio",
  "segment" : "Previously Active Listeners"
}, {
  "artistName" : "La Sonora Dinamita",
  "segment" : "Previously Active Listeners"
}, {
  "artistName" : "Vybz Kartel",
  "segment" : "Previously Active Listeners"
}, {
  "artistName" : "David Byrne",
  "segment" : "Previously Active Listeners"
}, {
  "artistName" : "Los Yes Yes",
  "segment" : "Previously Active Listeners"
}, {
  "artistName" : "Phil Collins",
  "segment" : "Previously Active Listeners"
}, {
  "artistName" : "Cómplices",
  "segment" : "Previously Active Listeners"
}, {
  "artistName" : "Shakira",
  "segment" : "Previously Active Listeners"
}, {
  "artistName" : "Caught Stealing Movie",
  "segment" : "Previously Active Listeners"
}, {
  "artistName" : "Maelo Ruiz",
  "segment" : "Previously Active Listeners"
}, {
  "artistName" : "Arrested Development",
  "segment" : "Previously Active Listeners"
}, {
  "artistName" : "Thievery Corporation",
  "segment" : "Previously Active Listeners"
}, {
  "artistName" : "Incubus",
  "segment" : "Previously Active Listeners"
}, {
  "artistName" : "Skepta",
  "segment" : "Moderate listeners"
}, {
  "artistName" : "Derrick Sound",
  "segment" : "Previously Active Listeners"
}, {
  "artistName" : "Eliades Ochoa",
  "segment" : "Previously Active Listeners"
}, {
  "artistName" : "Eugenio Esquivel",
  "segment" : "Previously Active Listeners"
}, {
  "artistName" : "Joy Crookes",
  "segment" : "Previously Active Listeners"
}, {
  "artistName" : "Hernaldo Zuniga",
  "segment" : "Previously Active Listeners"
}, {
  "artistName" : "Ricchi E Poveri",
  "segment" : "Previously Active Listeners"
}, {
  "artistName" : "Santo & Johnny",
  "segment" : "Previously Active Listeners"
}, {
  "artistName" : "Héctor \"El Father\"",
  "segment" : "Previously Active Listeners"
}, {
  "artistName" : "Sebastian Esquivel",
  "segment" : "Previously Active Listeners"
}, {
  "artistName" : "Eden Muñoz",
  "segment" : "Previously Active Listeners"
}, {
  "artistName" : "Yebba",
  "segment" : "Previously Active Listeners"
}, {
  "artistName" : "Lou Bega",
  "segment" : "Previously Active Listeners"
}, {
  "artistName" : "Low Roar",
  "segment" : "Previously Active Listeners"
}, {
  "artistName" : "Troye Sivan",
  "segment" : "Previously Active Listeners"
}, {
  "artistName" : "Soulja Boy",
  "segment" : "Previously Active Listeners"
}, {
  "artistName" : "Little Jesus",
  "segment" : "Previously Active Listeners"
}, {
  "artistName" : "Bocafloja",
  "segment" : "Previously Active Listeners"
}, {
  "artistName" : "The Verve",
  "segment" : "Previously Active Listeners"
}, {
  "artistName" : "That Mexican OT",
  "segment" : "Moderate listeners"
}, {
  "artistName" : "Daniele Luppi",
  "segment" : "Previously Active Listeners"
}, {
  "artistName" : "Madvillain",
  "segment" : "Previously Active Listeners"
}, {
  "artistName" : "The Fabulous Echoes",
  "segment" : "Previously Active Listeners"
}, {
  "artistName" : "Robert Moore",
  "segment" : "Previously Active Listeners"
}, {
  "artistName" : "J Balvin",
  "segment" : "Moderate listeners"
}, {
  "artistName" : "Arcángel",
  "segment" : "Light listeners"
}, {
  "artistName" : "Steve Darko",
  "segment" : "Previously Active Listeners"
}, {
  "artistName" : "Pantera",
  "segment" : "Previously Active Listeners"
}, {
  "artistName" : "Nirvana",
  "segment" : "Previously Active Listeners"
}, {
  "artistName" : "Oscar Athie",
  "segment" : "Previously Active Listeners"
}, {
  "artistName" : "LOOJAN",
  "segment" : "Previously Active Listeners"
}, {
  "artistName" : "Soundgarden",
  "segment" : "Light listeners"
}, {
  "artistName" : "The Flaming Lips",
  "segment" : "Previously Active Listeners"
}, {
  "artistName" : "Ant",
  "segment" : "Previously Active Listeners"
}, {
  "artistName" : "Romeo Santos",
  "segment" : "Previously Active Listeners"
}, {
  "artistName" : "Shep Pettibone",
  "segment" : "Previously Active Listeners"
}, {
  "artistName" : "HAAi",
  "segment" : "Light listeners"
}, {
  "artistName" : "Banda MS de Sergio Lizárraga",
  "segment" : "Previously Active Listeners"
}, {
  "artistName" : "Fontaines D.C.",
  "segment" : "Light listeners"
}, {
  "artistName" : "The Lemonheads",
  "segment" : "Previously Active Listeners"
}, {
  "artistName" : "Aaron Y Su Grupo Ilusion",
  "segment" : "Previously Active Listeners"
}, {
  "artistName" : "Liquits",
  "segment" : "Previously Active Listeners"
}, {
  "artistName" : "Spacehog",
  "segment" : "Light listeners"
}, {
  "artistName" : "Ultrasonicas",
  "segment" : "Previously Active Listeners"
}, {
  "artistName" : "Snow Tha Product",
  "segment" : "Previously Active Listeners"
}, {
  "artistName" : "Michelle Maciel",
  "segment" : "Previously Active Listeners"
}, {
  "artistName" : "Dave",
  "segment" : "Previously Active Listeners"
}, {
  "artistName" : "070 Shake",
  "segment" : "Previously Active Listeners"
}, {
  "artistName" : "Jo.Ke",
  "segment" : "Previously Active Listeners"
}, {
  "artistName" : "Violadores Del Verso",
  "segment" : "Previously Active Listeners"
}, {
  "artistName" : "Del The Funky Homosapien",
  "segment" : "Previously Active Listeners"
}, {
  "artistName" : "Arcade Fire",
  "segment" : "Light listeners"
}, {
  "artistName" : "Manuel Turizo",
  "segment" : "Light listeners"
}, {
  "artistName" : "Jorja Smith",
  "segment" : "Previously Active Listeners"
}, {
  "artistName" : "Barry B",
  "segment" : "Previously Active Listeners"
}, {
  "artistName" : "Carpenters",
  "segment" : "Previously Active Listeners"
}, {
  "artistName" : "Caribou",
  "segment" : "Previously Active Listeners"
}, {
  "artistName" : "CA7RIEL",
  "segment" : "Previously Active Listeners"
}, {
  "artistName" : "Metro Boomin",
  "segment" : "Previously Active Listeners"
}, {
  "artistName" : "José Luis Perales",
  "segment" : "Previously Active Listeners"
}, {
  "artistName" : "Víctor Manuel",
  "segment" : "Previously Active Listeners"
}, {
  "artistName" : "LAZER DIM 700",
  "segment" : "Light listeners"
}, {
  "artistName" : "Spice Girls",
  "segment" : "Previously Active Listeners"
}, {
  "artistName" : "Mala Rodríguez",
  "segment" : "Previously Active Listeners"
}, {
  "artistName" : "Leon Bridges",
  "segment" : "Previously Active Listeners"
}, {
  "artistName" : "Blessd",
  "segment" : "Previously Active Listeners"
}, {
  "artistName" : "Alan Arrieta",
  "segment" : "Previously Active Listeners"
}, {
  "artistName" : "Sonidos Del Mar",
  "segment" : "Light listeners"
}, {
  "artistName" : "Quavo",
  "segment" : "Previously Active Listeners"
}, {
  "artistName" : "Enrique Iglesias",
  "segment" : "Previously Active Listeners"
}, {
  "artistName" : "Zion",
  "segment" : "Light listeners"
}, {
  "artistName" : "Los Rodriguez",
  "segment" : "Previously Active Listeners"
}, {
  "artistName" : "Onyx",
  "segment" : "Previously Active Listeners"
}, {
  "artistName" : "Chicos de Barrio",
  "segment" : "Previously Active Listeners"
}, {
  "artistName" : "The War On Drugs",
  "segment" : "Previously Active Listeners"
}, {
  "artistName" : "The Black Keys",
  "segment" : "Previously Active Listeners"
}, {
  "artistName" : "The Clash",
  "segment" : "Light listeners"
}, {
  "artistName" : "Sevdaliza",
  "segment" : "Previously Active Listeners"
}, {
  "artistName" : "Sampha",
  "segment" : "Previously Active Listeners"
}, {
  "artistName" : "Gay Marvine",
  "segment" : "Previously Active Listeners"
}, {
  "artistName" : "Los Angeles Negros",
  "segment" : "Previously Active Listeners"
}, {
  "artistName" : "Moderat",
  "segment" : "Previously Active Listeners"
}, {
  "artistName" : "Andrés Calamaro",
  "segment" : "Previously Active Listeners"
}, {
  "artistName" : "GENER8ION",
  "segment" : "Previously Active Listeners"
}, {
  "artistName" : "Beastie Boys",
  "segment" : "Previously Active Listeners"
}, {
  "artistName" : "Becky G",
  "segment" : "Previously Active Listeners"
}, {
  "artistName" : "Action Bronson",
  "segment" : "Previously Active Listeners"
}, {
  "artistName" : "Gracie Abrams",
  "segment" : "Previously Active Listeners"
}, {
  "artistName" : "Anni B Sweet",
  "segment" : "Previously Active Listeners"
}, {
  "artistName" : "Christian Chávez",
  "segment" : "Previously Active Listeners"
}, {
  "artistName" : "Andrea Bocelli",
  "segment" : "Previously Active Listeners"
}, {
  "artistName" : "Jorge Drexler",
  "segment" : "Previously Active Listeners"
}, {
  "artistName" : "Little Barrie",
  "segment" : "Previously Active Listeners"
}, {
  "artistName" : "Joel De La P",
  "segment" : "Previously Active Listeners"
}, {
  "artistName" : "4batz",
  "segment" : "Previously Active Listeners"
}, {
  "artistName" : "The Killers",
  "segment" : "Light listeners"
}, {
  "artistName" : "Dave Chappelle",
  "segment" : "Previously Active Listeners"
}, {
  "artistName" : "Ozuna",
  "segment" : "Light listeners"
}, {
  "artistName" : "The Cure",
  "segment" : "Light listeners"
}, {
  "artistName" : "Mœnia",
  "segment" : "Previously Active Listeners"
}, {
  "artistName" : "Four Tet",
  "segment" : "Previously Active Listeners"
}, {
  "artistName" : "Wendy Rene",
  "segment" : "Previously Active Listeners"
}, {
  "artistName" : "Crazy Town",
  "segment" : "Previously Active Listeners"
}, {
  "artistName" : "SZA",
  "segment" : "Previously Active Listeners"
}, {
  "artistName" : "NAV",
  "segment" : "Previously Active Listeners"
}, {
  "artistName" : "Aventura",
  "segment" : "Previously Active Listeners"
}, {
  "artistName" : "Jorma Kaukonen",
  "segment" : "Previously Active Listeners"
}, {
  "artistName" : "Pedro Infante",
  "segment" : "Previously Active Listeners"
} ]
